recording,seizure_id,start_s,end_s,duration_s,source_row,note
190304A_E,1,1291.0,1298.0,7.0,2,Clock interval shifted by inferred recording offset.
191113A_D,1,1254.75,1267.75,13.0,3,Clock interval shifted by inferred recording offset.
191113A_D,2,1428.75,1433.75,5.0,3,Clock interval shifted by inferred recording offset.
210204B_C,1,143.5,148.5,5.0,5,Clock interval shifted by inferred recording offset.
210204B_C,2,302.5,307.5,5.0,5,Clock interval shifted by inferred recording offset.
210204B_C,3,530.5,535.5,5.0,5,Clock interval shifted by inferred recording offset.
210204B_C,4,668.5,671.5,3.0,5,Clock interval shifted by inferred recording offset.
210204B_C,5,754.5,758.5,4.0,5,Clock interval shifted by inferred recording offset.
210204B_C,6,1216.5,1221.5,5.0,5,Clock interval shifted by inferred recording offset.
210208B_G,1,496.75,506.75,10.0,6,Clock interval shifted by inferred recording offset.
210208B_G,2,567.75,574.75,7.0,6,Clock interval shifted by inferred recording offset.
210208B_G,3,814.75,828.75,14.0,6,Clock interval shifted by inferred recording offset.
210208B_G,4,1077.75,1093.75,16.0,6,Clock interval shifted by inferred recording offset.
210406A_F,1,633.75,641.75,8.0,7,Workbook end 15:15:58 evaluated as suspected hour typo 12:15:58. Clock interval shifted by inferred recording offset.
210427B_C,1,328.0,346.0,18.0,8,Clock interval shifted by inferred recording offset.
210504B_C,1,0.25,8.25,8.0,9,Clock interval shifted by inferred recording offset.
210504B_C,2,731.25,747.25,16.0,9,Clock interval shifted by inferred recording offset.
210504B_C,3,1041.25,1047.25,6.0,9,Clock interval shifted by inferred recording offset.
210504B_C,4,1126.25,1129.25,3.0,9,Clock interval shifted by inferred recording offset.
210504B_C,5,1217.25,1220.25,3.0,9,Clock interval shifted by inferred recording offset.
210504B_C,6,1344.25,1346.25,2.0,9,Clock interval shifted by inferred recording offset.
210504B_C,7,1375.25,1386.25,11.0,9,Clock interval shifted by inferred recording offset.
210504B_C,8,1460.25,1472.25,12.0,9,Clock interval shifted by inferred recording offset.
210504B_C,9,1700.25,1703.25,3.0,9,Clock interval shifted by inferred recording offset.
210504B_C,10,1873.25,1876.25,3.0,9,Clock interval shifted by inferred recording offset.
210504B_C,11,1975.25,1983.25,8.0,9,Clock interval shifted by inferred recording offset.
210504B_C,12,2399.25,2459.25,60.0,9,Clock interval shifted by inferred recording offset.
210914B_A,1,14.25,18.25,4.0,10,All 11 source pairs retained; 2.5–4 Hz inside/outside ratio=1.550. Clock interval shifted by inferred recording offset.
210914B_A,2,28.25,66.25,38.0,10,All 11 source pairs retained; 2.5–4 Hz inside/outside ratio=1.268. Clock interval shifted by inferred recording offset.
210914B_A,3,81.25,87.25,6.0,10,All 11 source pairs retained; 2.5–4 Hz inside/outside ratio=1.313. Clock interval shifted by inferred recording offset.
210914B_A,4,96.25,107.25,11.0,10,All 11 source pairs retained; 2.5–4 Hz inside/outside ratio=1.567. Clock interval shifted by inferred recording offset.
210914B_A,5,154.25,160.25,6.0,10,All 11 source pairs retained; 2.5–4 Hz inside/outside ratio=1.545. Clock interval shifted by inferred recording offset.
210914B_A,6,168.25,174.25,6.0,10,All 11 source pairs retained; 2.5–4 Hz inside/outside ratio=1.595. Clock interval shifted by inferred recording offset.
210914B_A,7,271.25,276.25,5.0,10,All 11 source pairs retained; 2.5–4 Hz inside/outside ratio=1.466. Clock interval shifted by inferred recording offset.
210914B_A,8,358.25,389.25,31.0,10,All 11 source pairs retained; 2.5–4 Hz inside/outside ratio=1.450. Clock interval shifted by inferred recording offset.
210914B_A,9,512.25,561.25,49.0,10,All 11 source pairs retained; 2.5–4 Hz inside/outside ratio=1.507. Clock interval shifted by inferred recording offset.
210914B_A,10,673.25,681.25,8.0,10,All 11 source pairs retained; 2.5–4 Hz inside/outside ratio=1.278. Clock interval shifted by inferred recording offset.
210914B_A,11,1026.25,1038.25,12.0,10,All 11 source pairs retained; 2.5–4 Hz inside/outside ratio=1.466. Clock interval shifted by inferred recording offset.
210928B_B,1,1152.0,1182.0,30.0,11,Clock interval shifted by inferred recording offset.
210928B_B,2,1290.0,1315.0,25.0,11,Clock interval shifted by inferred recording offset.
211027B_C,1,132.25,150.25,18.0,12,Clock interval shifted by inferred recording offset.
211027B_C,2,166.25,174.25,8.0,12,Clock interval shifted by inferred recording offset.
211027B_C,3,185.25,194.25,9.0,12,Clock interval shifted by inferred recording offset.
211027B_C,4,382.25,393.25,11.0,12,Clock interval shifted by inferred recording offset.
211027B_C,5,399.25,408.25,9.0,12,Clock interval shifted by inferred recording offset.
211027B_C,6,613.25,625.25,12.0,12,Clock interval shifted by inferred recording offset.
211027B_C,7,1100.25,1147.25,47.0,12,Clock interval shifted by inferred recording offset.
211027B_C,8,1158.25,1167.25,9.0,12,Clock interval shifted by inferred recording offset.
211104B_D,1,253.5,259.5,6.0,13,Clock interval shifted by inferred recording offset.
211104B_D,2,384.5,392.5,8.0,13,Clock interval shifted by inferred recording offset.
211104B_D,3,555.5,565.5,10.0,13,Clock interval shifted by inferred recording offset.
211104B_D,4,806.5,814.5,8.0,13,Clock interval shifted by inferred recording offset.
211104B_D,5,896.5,904.5,8.0,13,Clock interval shifted by inferred recording offset.
220106A_A,1,334.0,353.0,19.0,16,Clock interval shifted by inferred recording offset.
220106A_A,2,1150.0,1168.0,18.0,16,Clock interval shifted by inferred recording offset.
220121B_D,1,105.5,120.5,15.0,17,Clock interval shifted by inferred recording offset.
220121B_D,2,330.5,348.5,18.0,17,Clock interval shifted by inferred recording offset.
220121B_D,3,598.5,615.5,17.0,17,Clock interval shifted by inferred recording offset.
230102B_F,1,58.75,67.75,9.0,18,Clock interval shifted by inferred recording offset.
230102B_F,2,230.75,246.75,16.0,18,Clock interval shifted by inferred recording offset.
230102B_F,3,277.75,287.75,10.0,18,Clock interval shifted by inferred recording offset.
230102B_F,4,373.75,387.75,14.0,18,Clock interval shifted by inferred recording offset.
230102B_F,5,454.75,462.75,8.0,18,Clock interval shifted by inferred recording offset.
230102B_F,6,641.75,661.75,20.0,18,Clock interval shifted by inferred recording offset.
230102B_F,7,956.75,980.75,24.0,18,Clock interval shifted by inferred recording offset.
230102B_F,8,1058.75,1075.75,17.0,18,Clock interval shifted by inferred recording offset.
230102B_F,9,1203.75,1220.75,17.0,18,Clock interval shifted by inferred recording offset.
230105B_H,1,508.5,513.5,5.0,19,Clock interval shifted by inferred recording offset.
230105B_H,2,594.5,598.5,4.0,19,Clock interval shifted by inferred recording offset.
230105B_H,3,616.5,620.5,4.0,19,Clock interval shifted by inferred recording offset.
230105B_H,4,688.5,697.5,9.0,19,Clock interval shifted by inferred recording offset.
230105B_H,5,1454.5,1460.5,6.0,19,Clock interval shifted by inferred recording offset.
230105B_H,6,1495.5,1498.5,3.0,19,Clock interval shifted by inferred recording offset.
230105B_H,7,2887.5,2894.5,7.0,19,Clock interval shifted by inferred recording offset.
230210B_D,1,526.25,548.25,22.0,20,Clock interval shifted by inferred recording offset.
230224B_B,1,181.75,196.75,15.0,21,Clock interval shifted by inferred recording offset.
230224B_B,2,344.75,360.75,16.0,21,Clock interval shifted by inferred recording offset.
230224B_B,3,1003.75,1018.75,15.0,21,Clock interval shifted by inferred recording offset.
230406B_A,1,166.0,175.0,9.0,14,Clock interval shifted by inferred recording offset.
230406B_A,2,275.0,286.0,11.0,14,Clock interval shifted by inferred recording offset.
230406B_A,3,840.0,850.0,10.0,14,Clock interval shifted by inferred recording offset.
230406B_A,4,1063.0,1077.0,14.0,14,Clock interval shifted by inferred recording offset.
230515B_G,1,352.25,365.25,13.0,22,Selected source row 22 over the conflicting workbook row. Clock interval shifted by inferred recording offset.
230515B_G,2,429.25,450.25,21.0,22,Selected source row 22 over the conflicting workbook row. Clock interval shifted by inferred recording offset.
230519A_E,1,1037.25,1053.25,16.0,23,Clock interval shifted by inferred recording offset.
230519A_E,2,1115.25,1134.25,19.0,23,Clock interval shifted by inferred recording offset.
230718A_A,1,61.5,75.5,14.0,24,Clock interval shifted by inferred recording offset.
230718A_A,2,218.5,222.5,4.0,24,Clock interval shifted by inferred recording offset.
230718A_A,3,302.5,313.5,11.0,24,Clock interval shifted by inferred recording offset.
230718A_A,4,430.5,441.5,11.0,24,Clock interval shifted by inferred recording offset.
230718A_A,5,737.5,745.5,8.0,24,Clock interval shifted by inferred recording offset.
230718A_A,6,974.5,986.5,12.0,24,Clock interval shifted by inferred recording offset.
230718A_A,7,1103.5,1110.5,7.0,24,Clock interval shifted by inferred recording offset.
