recording,offset_clock,start_clock,method,confidence,agrees_with_header
190304A_E,36815.0,10:13:35,data_driven,1.2427546547564827,yes
191113A_D,37098.25,10:18:18.250,data_driven,1.701364491691237,yes
210204B_C,37166.5,10:19:26.500,data_driven,5.985383389190468,NA
210208B_G,40256.25,11:10:56.250,data_driven,2.3114422877413947,yes
210406A_F,43516.25,12:05:16.250,data_driven,6.487213151481793,yes
210427B_C,32333.0,08:58:53,data_driven,1.10350718397849,no
210504B_C,46257.75,12:50:57.750,data_driven,1.5092534803784865,yes
210914B_A,30046.75,08:20:46.750,data_driven,2.15126628088469,NA
210928B_B,32875.0,09:07:55,data_driven,1.1850617212873116,yes
211027B_C,36964.75,10:16:04.750,data_driven,1.9231902191413444,NA
211104B_D,39642.5,11:00:42.500,data_driven,3.867863398636562,NA
220106A_A,29637.0,08:13:57,data_driven,1.292133952414413,yes
220121B_D,36641.5,10:10:41.500,data_driven,2.039120269784421,yes
230102B_F,43492.25,12:04:52.250,data_driven,10.683537633091106,NA
230105B_H,52290.5,14:31:30.500,data_driven,1.5699266791223514,NA
230210B_D,36227.75,10:03:47.750,data_driven,1.4272118126518123,NA
230224B_B,32592.25,09:03:12.250,data_driven,4.301277249977255,NA
230406B_A,30024.0,08:20:24,data_driven,1.2610351643383266,yes
230515B_G,44593.75,12:23:13.750,data_driven,1.9768251570511632,yes
230519A_E,40773.75,11:19:33.750,data_driven,1.7713299136782017,yes
230718A_A,29473.5,08:11:13.500,data_driven,8.17180918529364,yes
