recording,seizure_id,start_s,end_s,duration_s,source_row,note
190304A_E,1,1291.0,1298.0,7.0,2,Official DebutTrace alignment from Annotations MAJ.xlsx.
191113A_D,1,1254.0,1267.0,13.0,3,Official DebutTrace alignment from Annotations MAJ.xlsx.
191113A_D,2,1428.0,1433.0,5.0,3,Official DebutTrace alignment from Annotations MAJ.xlsx.
210204B_C,1,143.5,148.5,5.0,5,Fallback: Missing from Annotations MAJ.xlsx; retain the previously aligned intervals until the professor replies.
210204B_C,2,302.5,307.5,5.0,5,Fallback: Missing from Annotations MAJ.xlsx; retain the previously aligned intervals until the professor replies.
210204B_C,3,530.5,535.5,5.0,5,Fallback: Missing from Annotations MAJ.xlsx; retain the previously aligned intervals until the professor replies.
210204B_C,4,668.5,671.5,3.0,5,Fallback: Missing from Annotations MAJ.xlsx; retain the previously aligned intervals until the professor replies.
210204B_C,5,754.5,758.5,4.0,5,Fallback: Missing from Annotations MAJ.xlsx; retain the previously aligned intervals until the professor replies.
210204B_C,6,1216.5,1221.5,5.0,5,Fallback: Missing from Annotations MAJ.xlsx; retain the previously aligned intervals until the professor replies.
210208B_G,1,496.75,506.75,10.0,6,Fallback: Missing from Annotations MAJ.xlsx; retain the previously aligned intervals until the professor replies.
210208B_G,2,567.75,574.75,7.0,6,Fallback: Missing from Annotations MAJ.xlsx; retain the previously aligned intervals until the professor replies.
210208B_G,3,814.75,828.75,14.0,6,Fallback: Missing from Annotations MAJ.xlsx; retain the previously aligned intervals until the professor replies.
210208B_G,4,1077.75,1093.75,16.0,6,Fallback: Missing from Annotations MAJ.xlsx; retain the previously aligned intervals until the professor replies.
210406A_F,1,633.0,641.0,8.0,4,Official DebutTrace alignment from Annotations MAJ.xlsx.
210427B_C,1,1031.0,1049.0,18.0,5,Official DebutTrace alignment from Annotations MAJ.xlsx.
210504B_C,1,0.0,8.0,8.0,6,Official DebutTrace alignment from Annotations MAJ.xlsx.
210504B_C,2,731.0,747.0,16.0,6,Official DebutTrace alignment from Annotations MAJ.xlsx.
210504B_C,3,1041.0,1047.0,6.0,6,Official DebutTrace alignment from Annotations MAJ.xlsx.
210504B_C,4,1126.0,1129.0,3.0,6,Official DebutTrace alignment from Annotations MAJ.xlsx.
210504B_C,5,1217.0,1220.0,3.0,6,Official DebutTrace alignment from Annotations MAJ.xlsx.
210504B_C,6,1344.0,1346.0,2.0,6,Official DebutTrace alignment from Annotations MAJ.xlsx.
210504B_C,7,1375.0,1386.0,11.0,6,Official DebutTrace alignment from Annotations MAJ.xlsx.
210504B_C,8,1460.0,1472.0,12.0,6,Official DebutTrace alignment from Annotations MAJ.xlsx.
210504B_C,9,1700.0,1703.0,3.0,6,Official DebutTrace alignment from Annotations MAJ.xlsx.
210504B_C,10,1873.0,1876.0,3.0,6,Official DebutTrace alignment from Annotations MAJ.xlsx.
210504B_C,11,1975.0,1983.0,8.0,6,Official DebutTrace alignment from Annotations MAJ.xlsx.
210504B_C,12,2399.0,2459.0,60.0,6,Official DebutTrace alignment from Annotations MAJ.xlsx.
210914B_A,1,14.0,18.0,4.0,7,Official DebutTrace alignment from Annotations MAJ.xlsx.
210914B_A,2,28.0,66.0,38.0,7,Official DebutTrace alignment from Annotations MAJ.xlsx.
210914B_A,3,81.0,87.0,6.0,7,Official DebutTrace alignment from Annotations MAJ.xlsx.
210914B_A,4,96.0,107.0,11.0,7,Official DebutTrace alignment from Annotations MAJ.xlsx.
210914B_A,5,154.0,160.0,6.0,7,Official DebutTrace alignment from Annotations MAJ.xlsx.
210914B_A,6,168.0,174.0,6.0,7,Official DebutTrace alignment from Annotations MAJ.xlsx.
210914B_A,7,271.0,276.0,5.0,7,Official DebutTrace alignment from Annotations MAJ.xlsx.
210914B_A,8,358.0,389.0,31.0,7,Official DebutTrace alignment from Annotations MAJ.xlsx.
210914B_A,9,512.0,561.0,49.0,7,Official DebutTrace alignment from Annotations MAJ.xlsx.
210914B_A,10,673.0,681.0,8.0,7,Official DebutTrace alignment from Annotations MAJ.xlsx.
210914B_A,11,1026.0,1038.0,12.0,7,Official DebutTrace alignment from Annotations MAJ.xlsx.
210928B_B,1,1152.0,1182.0,30.0,8,Official DebutTrace alignment from Annotations MAJ.xlsx.
210928B_B,2,1290.0,1315.0,25.0,8,Official DebutTrace alignment from Annotations MAJ.xlsx.
211027B_C,1,132.0,150.0,18.0,9,Official DebutTrace alignment from Annotations MAJ.xlsx.
211027B_C,2,166.0,174.0,8.0,9,Official DebutTrace alignment from Annotations MAJ.xlsx.
211027B_C,3,185.0,194.0,9.0,9,Official DebutTrace alignment from Annotations MAJ.xlsx.
211027B_C,4,382.0,393.0,11.0,9,Official DebutTrace alignment from Annotations MAJ.xlsx.
211027B_C,5,399.0,408.0,9.0,9,Official DebutTrace alignment from Annotations MAJ.xlsx.
211027B_C,6,613.0,625.0,12.0,9,Official DebutTrace alignment from Annotations MAJ.xlsx.
211027B_C,7,1100.0,1147.0,47.0,9,Official DebutTrace alignment from Annotations MAJ.xlsx.
211027B_C,8,1158.0,1167.0,9.0,9,Official DebutTrace alignment from Annotations MAJ.xlsx.
211104B_D,1,253.0,259.0,6.0,10,Official DebutTrace alignment from Annotations MAJ.xlsx.
211104B_D,2,384.0,392.0,8.0,10,Official DebutTrace alignment from Annotations MAJ.xlsx.
211104B_D,3,555.0,565.0,10.0,10,Official DebutTrace alignment from Annotations MAJ.xlsx.
211104B_D,4,806.0,814.0,8.0,10,Official DebutTrace alignment from Annotations MAJ.xlsx.
211104B_D,5,896.0,904.0,8.0,10,Official DebutTrace alignment from Annotations MAJ.xlsx.
220106A_A,1,335.0,354.0,19.0,13,Official DebutTrace alignment from Annotations MAJ.xlsx.
220106A_A,2,1151.0,1169.0,18.0,13,Official DebutTrace alignment from Annotations MAJ.xlsx.
220121B_D,1,105.0,120.0,15.0,14,Official DebutTrace alignment from Annotations MAJ.xlsx.
220121B_D,2,330.0,348.0,18.0,14,Official DebutTrace alignment from Annotations MAJ.xlsx.
220121B_D,3,598.0,615.0,17.0,14,Official DebutTrace alignment from Annotations MAJ.xlsx.
230102B_F,1,58.0,67.0,9.0,15,Official DebutTrace alignment from Annotations MAJ.xlsx.
230102B_F,2,230.0,246.0,16.0,15,Official DebutTrace alignment from Annotations MAJ.xlsx.
230102B_F,3,277.0,287.0,10.0,15,Official DebutTrace alignment from Annotations MAJ.xlsx.
230102B_F,4,373.0,387.0,14.0,15,Official DebutTrace alignment from Annotations MAJ.xlsx.
230102B_F,5,454.0,462.0,8.0,15,Official DebutTrace alignment from Annotations MAJ.xlsx.
230102B_F,6,641.0,661.0,20.0,15,Official DebutTrace alignment from Annotations MAJ.xlsx.
230102B_F,7,956.0,980.0,24.0,15,Official DebutTrace alignment from Annotations MAJ.xlsx.
230102B_F,8,1058.0,1075.0,17.0,15,Official DebutTrace alignment from Annotations MAJ.xlsx.
230102B_F,9,1203.0,1220.0,17.0,15,Official DebutTrace alignment from Annotations MAJ.xlsx.
230105B_H,1,508.0,513.0,5.0,16,Official DebutTrace alignment from Annotations MAJ.xlsx.
230105B_H,2,594.0,598.0,4.0,16,Official DebutTrace alignment from Annotations MAJ.xlsx.
230105B_H,3,616.0,620.0,4.0,16,Official DebutTrace alignment from Annotations MAJ.xlsx.
230105B_H,4,688.0,697.0,9.0,16,Official DebutTrace alignment from Annotations MAJ.xlsx.
230105B_H,5,1454.0,1460.0,6.0,16,Official DebutTrace alignment from Annotations MAJ.xlsx.
230105B_H,6,1495.0,1498.0,3.0,16,Official DebutTrace alignment from Annotations MAJ.xlsx.
230105B_H,7,2887.0,2894.0,7.0,16,Official DebutTrace alignment from Annotations MAJ.xlsx.
230210B_D,1,526.0,548.0,22.0,17,Official DebutTrace alignment from Annotations MAJ.xlsx.
230224B_B,1,181.0,196.0,15.0,18,Official DebutTrace alignment from Annotations MAJ.xlsx.
230224B_B,2,344.0,360.0,16.0,18,Official DebutTrace alignment from Annotations MAJ.xlsx.
230224B_B,3,1003.0,1018.0,15.0,18,Official DebutTrace alignment from Annotations MAJ.xlsx.
230406B_A,1,166.0,175.0,9.0,11,Official DebutTrace alignment from Annotations MAJ.xlsx.
230406B_A,2,275.0,286.0,11.0,11,Official DebutTrace alignment from Annotations MAJ.xlsx.
230406B_A,3,840.0,850.0,10.0,11,Official DebutTrace alignment from Annotations MAJ.xlsx.
230406B_A,4,1063.0,1077.0,14.0,11,Official DebutTrace alignment from Annotations MAJ.xlsx.
230515B_G,1,353.0,366.0,13.0,20,Official DebutTrace alignment from Annotations MAJ.xlsx.
230515B_G,2,430.0,451.0,21.0,20,Official DebutTrace alignment from Annotations MAJ.xlsx.
230519A_E,1,1036.0,1052.0,16.0,21,Official DebutTrace alignment from Annotations MAJ.xlsx.
230519A_E,2,1114.0,1133.0,19.0,21,Official DebutTrace alignment from Annotations MAJ.xlsx.
230718A_A,1,61.0,75.0,14.0,22,Official DebutTrace alignment from Annotations MAJ.xlsx.
230718A_A,2,218.0,222.0,4.0,22,Official DebutTrace alignment from Annotations MAJ.xlsx.
230718A_A,3,302.0,313.0,11.0,22,Official DebutTrace alignment from Annotations MAJ.xlsx.
230718A_A,4,430.0,441.0,11.0,22,Official DebutTrace alignment from Annotations MAJ.xlsx.
230718A_A,5,737.0,745.0,8.0,22,Official DebutTrace alignment from Annotations MAJ.xlsx.
230718A_A,6,974.0,986.0,12.0,22,Official DebutTrace alignment from Annotations MAJ.xlsx.
230718A_A,7,1103.0,1110.0,7.0,22,Official DebutTrace alignment from Annotations MAJ.xlsx.
