recording,offset_clock,start_clock,method,confidence,agrees_with_header
190304A_E,36815.0,10:13:35,official,NA,NA
191113A_D,37099.0,10:18:19,official,NA,NA
210204B_C,37166.5,10:19:26.500,fallback,5.985383389190468,
210208B_G,40256.25,11:10:56.250,fallback,2.3114422877413947,yes
210406A_F,54317.0,15:05:17,official,NA,NA
210427B_C,31630.0,08:47:10,official,NA,NA
210504B_C,46258.0,12:50:58,official,NA,NA
210914B_A,30047.0,08:20:47,official,NA,NA
210928B_B,32875.0,09:07:55,official,NA,NA
211027B_C,36965.0,10:16:05,official,NA,NA
211104B_D,39643.0,11:00:43,official,NA,NA
220106A_A,29636.0,08:13:56,official,NA,NA
220121B_D,36642.0,10:10:42,official,NA,NA
230102B_F,43493.0,12:04:53,official,NA,NA
230105B_H,52291.0,14:31:31,official,NA,NA
230210B_D,36228.0,10:03:48,official,NA,NA
230224B_B,32593.0,09:03:13,official,NA,NA
230406B_A,30024.0,08:20:24,official,NA,NA
230515B_G,44593.0,12:23:13,official,NA,NA
230519A_E,40775.0,11:19:35,official,NA,NA
230718A_A,29474.0,08:11:14,official,NA,NA
