training,fold,model,accuracy,precision,recall,f1,balanced_accuracy,tn,fp,fn,tp,seconds
sous-échantillonné,1,Toujours 0,0.9563702720637027,0.0,0.0,0.0,0.5,5765,0,263,0,0.015825966000193148
sous-échantillonné,1,Decision Tree,0.9241871267418713,0.35693215339233036,0.9201520912547528,0.5143464399574921,0.922261648402745,5329,436,21,242,0.3659315129989409
sous-échantillonné,1,Random Forest,0.9348042468480424,0.3968253968253968,0.9505703422053232,0.5599104143337066,0.9423276689344049,5385,380,13,250,0.3110032830009004
sous-échantillonné,1,KNN,0.8608161911081619,0.2288135593220339,0.9239543726235742,0.3667924528301887,0.8909450961123075,4946,819,20,243,0.09482044900141773
sous-échantillonné,1,SVM,0.8820504313205043,0.26119402985074625,0.9315589353612167,0.4079933388842631,0.9056753913579718,5072,693,18,245,0.5297095109999646
non équilibré,1,Toujours 0,0.9563702720637027,0.0,0.0,0.0,0.5,5765,0,263,0,0.015737419000288355
non équilibré,1,Decision Tree,0.9588586595885866,0.5272727272727272,0.5513307984790875,0.5390334572490706,0.7643904642872454,5635,130,118,145,11.078479482999683
non équilibré,1,Random Forest,0.9810882548108826,0.9570552147239264,0.5931558935361216,0.7323943661971831,0.795970834886014,5758,7,107,156,3.7660078369990515
non équilibré,1,KNN,0.9839084273390842,0.8705357142857143,0.7414448669201521,0.8008213552361396,0.8682072556630249,5736,29,68,195,0.6661294079985964
non équilibré,1,SVM,0.980092899800929,0.9554140127388535,0.5703422053231939,0.7142857142857143,0.7845639907795501,5758,7,113,150,5.438298514998678
sous-échantillonné,2,Toujours 0,0.9585585585585585,0.0,0.0,0.0,0.5,5320,0,230,0,0.014141240000753896
sous-échantillonné,2,Decision Tree,0.930990990990991,0.3460764587525151,0.7478260869565218,0.4731774415405777,0.843367930696306,4995,325,58,172,0.2815209769996727
sous-échantillonné,2,Random Forest,0.9531531531531532,0.4592391304347826,0.7347826086956522,0.5652173913043478,0.848688296829029,5121,199,61,169,0.36847088799913763
sous-échantillonné,2,KNN,0.9524324324324325,0.453804347826087,0.7260869565217392,0.5585284280936454,0.8441525008172606,5119,201,63,167,0.10088887799975055
sous-échantillonné,2,SVM,0.9614414414414414,0.5242424242424243,0.7521739130434782,0.6178571428571429,0.8613313174239947,5163,157,57,173,0.43532269000024826
non équilibré,2,Toujours 0,0.9585585585585585,0.0,0.0,0.0,0.5,5320,0,230,0,0.015838927000004333
non équilibré,2,Decision Tree,0.9628828828828829,0.5545454545454546,0.5304347826086957,0.5422222222222223,0.7560068649885584,5222,98,108,122,7.632217607000712
non équilibré,2,Random Forest,0.9708108108108108,0.6531531531531531,0.6304347826086957,0.6415929203539823,0.8079805491990847,5243,77,85,145,3.0825287959996786
non équilibré,2,KNN,0.9718918918918918,0.7890625,0.4391304347826087,0.5642458100558659,0.717027623406342,5293,27,129,101,0.6128172580010869
non équilibré,2,SVM,0.9747747747747748,0.7586206896551724,0.5739130434782609,0.6534653465346535,0.7830091533180779,5278,42,98,132,4.316383227000188
sous-échantillonné,3,Toujours 0,0.9749515431638587,0.0,0.0,0.0,0.5,6539,0,168,0,0.015159914000832941
sous-échantillonné,3,Decision Tree,0.7022513791561056,0.0655581947743468,0.8214285714285714,0.12142542894852618,0.7603090249710528,4572,1967,30,138,0.45604415600064385
sous-échantillonné,3,Random Forest,0.8619352914865066,0.13697318007662834,0.8511904761904762,0.23597359735973597,0.8567009117456433,5638,901,25,143,0.3410929079982452
sous-échantillonné,3,KNN,0.8856418667064261,0.1615819209039548,0.8511904761904762,0.2716049382716049,0.8688587340426306,5797,742,25,143,0.09555205700053193
sous-échantillonné,3,SVM,0.9071119725659759,0.18963165075034105,0.8273809523809523,0.30854605993340734,0.8682706872319198,5945,594,29,139,0.6265649409997422
non équilibré,3,Toujours 0,0.9749515431638587,0.0,0.0,0.0,0.5,6539,0,168,0,0.017528840000522905
non équilibré,3,Decision Tree,0.9391680333979424,0.25206611570247933,0.7261904761904762,0.37423312883435583,0.8354151646895185,6177,362,46,122,8.225608525999633
non équilibré,3,Random Forest,0.9864320858804234,0.727810650887574,0.7321428571428571,0.7299703264094956,0.8625540711773316,6493,46,45,123,3.6247589310005424
non équilibré,3,KNN,0.980915461458178,0.6052631578947368,0.6845238095238095,0.6424581005586593,0.8365270829237033,6464,75,53,115,0.7515446309989784
non équilibré,3,SVM,0.9862829879230655,0.7435897435897436,0.6904761904761905,0.7160493827160493,0.8421795235910544,6499,40,52,116,5.342818537999847
sous-échantillonné,4,Toujours 0,0.9744525547445255,0.0,0.0,0.0,0.5,6408,0,168,0,0.015311765999285853
sous-échantillonné,4,Decision Tree,0.7183698296836983,0.07603222557905337,0.8988095238095238,0.14020427112349118,0.8062243624041376,4573,1835,17,151,0.4127389779987425
sous-échantillonné,4,Random Forest,0.9514902676399026,0.3369330453563715,0.9285714285714286,0.49445324881141045,0.9403312823256644,6101,307,12,156,0.3565450169990072
sous-échantillonné,4,KNN,0.9505778588807786,0.32671081677704195,0.8809523809523809,0.47665056360708535,0.9166778134474763,6103,305,20,148,0.10705044099995575
sous-échantillonné,4,SVM,0.969434306569343,0.45161290322580644,0.9166666666666666,0.6051080550098232,0.9437421972534332,6221,187,14,154,0.7497535330003302
non équilibré,4,Toujours 0,0.9744525547445255,0.0,0.0,0.0,0.5,6408,0,168,0,0.018083774999468005
non équilibré,4,Decision Tree,0.9324817518248175,0.17906976744186046,0.4583333333333333,0.25752508361204013,0.7016229712858926,6055,353,91,77,12.636929643000258
non équilibré,4,Random Forest,0.9864659367396593,0.7182320441988951,0.7738095238095238,0.7449856733524355,0.8829253611556982,6357,51,38,130,3.8546628069998405
non équilibré,4,KNN,0.9861618004866181,0.781021897810219,0.6369047619047619,0.7016393442622951,0.8161115569823435,6378,30,61,107,0.734539955999935
non équilibré,4,SVM,0.9834245742092458,0.6855345911949685,0.6488095238095238,0.6666666666666666,0.8205033886213662,6358,50,59,109,5.43560720700043
sous-échantillonné,5,Toujours 0,0.9367185117413845,0.0,0.0,0.0,0.5,6143,0,415,0,0.015214807999655022
sous-échantillonné,5,Decision Tree,0.8728270814272644,0.31734960767218834,0.8771084337349397,0.4660691421254802,0.874823140845982,5360,783,51,364,0.2461599069993099
sous-échantillonné,5,Random Forest,0.9422079902409272,0.5263929618768328,0.8650602409638555,0.6545123062898814,0.9062400342048644,5820,323,56,359,0.3030056949992286
sous-échantillonné,5,KNN,0.942970417810308,0.5329052969502408,0.8,0.6396917148362236,0.8763145043138532,5852,291,83,332,0.08133017900036066
sous-échantillonné,5,SVM,0.9571515706007929,0.6187943262411347,0.8409638554216867,0.7129724208375894,0.9029823346781232,5928,215,66,349,0.5001262400000996
non équilibré,5,Toujours 0,0.9367185117413845,0.0,0.0,0.0,0.5,6143,0,415,0,0.01631103600084316
non équilibré,5,Decision Tree,0.9501372369624885,0.6176470588235294,0.5566265060240964,0.5855513307984791,0.76667398880889,6000,143,184,231,9.06489000900001
non équilibré,5,Random Forest,0.971485208905154,0.8877551020408163,0.6289156626506024,0.7362482369534555,0.8117718472784186,6110,33,154,261,3.871573944001284
non équilibré,5,KNN,0.9675205855443733,0.8659420289855072,0.5759036144578313,0.6917510853835022,0.7849402493581685,6106,37,176,239,0.6814579820002109
non équilibré,5,SVM,0.9679780420860018,0.8810408921933085,0.5710843373493976,0.6929824561403509,0.7829375780837823,6111,32,178,237,4.284935163999762
