threshold,detections,tp,fn,fp,precision,recall,f1,onset_error_mean_s,onset_error_abs_median_s,offset_error_mean_s,offset_error_abs_median_s
0.05,1179,93,0,1085,0.07972858354537744,1.0,0.14768263943440693,-4.602150537634409,1.0,5.150537634408602,3.0
0.06,1169,93,0,1073,0.08212147134302823,1.0,0.15177865612648223,-2.849462365591398,1.0,3.6989247311827955,2.0
0.07,1169,93,0,1073,0.08212147134302823,1.0,0.15177865612648223,-2.849462365591398,1.0,3.6989247311827955,2.0
0.08,1016,93,0,916,0.0984251968503937,1.0,0.17921146953405018,-1.903225806451613,1.0,2.881720430107527,2.0
0.09,1016,93,0,916,0.0984251968503937,1.0,0.17921146953405018,-1.903225806451613,1.0,2.881720430107527,2.0
0.1,938,93,0,839,0.10554371002132196,1.0,0.1909353905496625,-1.7419354838709677,1.0,2.5591397849462365,2.0
0.11,797,93,0,697,0.12547051442910917,1.0,0.22296544035674473,-1.3118279569892473,1.0,1.913978494623656,1.25
0.12,730,93,0,631,0.13561643835616438,1.0,0.23884197828709286,-1.043010752688172,1.0,1.881720430107527,1.25
0.13,681,93,0,582,0.14537444933920704,1.0,0.25384615384615383,-0.978494623655914,1.0,1.6881720430107527,1.25
0.14,681,93,0,582,0.14537444933920704,1.0,0.25384615384615383,-0.978494623655914,1.0,1.6881720430107527,1.25
0.15,632,93,0,533,0.15664556962025317,1.0,0.2708618331053352,-0.8387096774193549,1.0,1.6344086021505377,1.0
0.16,556,93,0,456,0.17985611510791366,1.0,0.3048780487804878,-0.7311827956989247,0.75,1.043010752688172,1.0
0.17,556,93,0,456,0.17985611510791366,1.0,0.3048780487804878,-0.7311827956989247,0.75,1.043010752688172,1.0
0.18,525,93,0,424,0.19238095238095237,1.0,0.32268370607028757,-0.4838709677419355,0.25,0.7741935483870968,1.0
0.19,463,93,0,362,0.21814254859611232,1.0,0.35815602836879434,-0.2903225806451613,0.25,0.6666666666666666,1.0
0.2,463,93,0,362,0.21814254859611232,1.0,0.35815602836879434,-0.2903225806451613,0.25,0.6666666666666666,1.0
0.21,406,93,0,305,0.24876847290640394,1.0,0.3984220907297831,-0.21505376344086022,0.0,0.5268817204301075,1.0
0.22,387,93,0,287,0.25839793281653745,1.0,0.4106776180698152,-0.17204301075268819,0.0,0.44086021505376344,1.0
0.23,387,93,0,287,0.25839793281653745,1.0,0.4106776180698152,-0.17204301075268819,0.0,0.44086021505376344,1.0
0.24,330,93,0,230,0.30303030303030304,1.0,0.4651162790697675,-0.10752688172043011,0.0,0.2903225806451613,1.0
0.25,330,93,0,230,0.30303030303030304,1.0,0.4651162790697675,-0.10752688172043011,0.0,0.2903225806451613,1.0
0.26,297,93,0,194,0.3468013468013468,1.0,0.5149999999999999,-0.08602150537634409,0.0,0.1827956989247312,1.0
0.27,297,93,0,194,0.3468013468013468,1.0,0.5149999999999999,-0.08602150537634409,0.0,0.1827956989247312,1.0
0.28,286,93,0,183,0.36013986013986016,1.0,0.5295629820051414,-0.03225806451612903,0.0,0.17204301075268819,1.0
0.29,250,93,0,147,0.412,1.0,0.5835694050991501,0.06451612903225806,0.0,0.043010752688172046,1.0
0.3,250,93,0,147,0.412,1.0,0.5835694050991501,0.06451612903225806,0.0,0.043010752688172046,1.0
0.31,233,93,0,130,0.44206008583690987,1.0,0.613095238095238,0.07526881720430108,0.0,-0.010752688172043012,1.0
0.32,216,93,0,113,0.47685185185185186,1.0,0.64576802507837,0.16129032258064516,0.0,-0.07526881720430108,1.0
0.33,216,93,0,113,0.47685185185185186,1.0,0.64576802507837,0.16129032258064516,0.0,-0.07526881720430108,1.0
0.34,210,93,0,107,0.49047619047619045,1.0,0.65814696485623,0.17204301075268819,0.0,-0.13978494623655913,1.0
0.35,187,92,1,88,0.5294117647058824,0.989247311827957,0.6897126197417742,0.2391304347826087,0.0,-0.25,1.0
0.36,187,92,1,88,0.5294117647058824,0.989247311827957,0.6897126197417742,0.2391304347826087,0.0,-0.25,1.0
0.37,185,92,1,86,0.5351351351351351,0.989247311827957,0.6945514164792008,0.2391304347826087,0.0,-0.2826086956521739,1.0
0.38,176,91,2,77,0.5625,0.978494623655914,0.7143480156999564,0.23076923076923078,0.0,-0.24175824175824176,1.0
0.39,172,91,2,73,0.5755813953488372,0.978494623655914,0.7248079166499054,0.23076923076923078,0.0,-0.27472527472527475,1.0
0.4,172,91,2,73,0.5755813953488372,0.978494623655914,0.7248079166499054,0.23076923076923078,0.0,-0.27472527472527475,1.0
0.41,165,91,2,65,0.6060606060606061,0.978494623655914,0.7485091507300021,0.3076923076923077,0.0,-0.3076923076923077,1.0
0.42,160,91,2,59,0.63125,0.978494623655914,0.7674195299127458,0.31868131868131866,0.0,-0.32967032967032966,1.0
0.43,160,91,2,59,0.63125,0.978494623655914,0.7674195299127458,0.31868131868131866,0.0,-0.32967032967032966,1.0
0.44,154,90,3,53,0.6558441558441559,0.967741935483871,0.7818346019868405,0.3333333333333333,0.0,-0.34444444444444444,1.0
0.45,149,90,3,47,0.6845637583892618,0.967741935483871,0.8018867924528301,0.37777777777777777,0.0,-0.36666666666666664,1.0
0.46,149,90,3,47,0.6845637583892618,0.967741935483871,0.8018867924528301,0.37777777777777777,0.0,-0.36666666666666664,1.0
0.47,144,90,3,40,0.7222222222222222,0.967741935483871,0.8271474019088016,0.45555555555555555,0.5,-0.37777777777777777,1.0
0.48,145,90,3,41,0.7172413793103448,0.967741935483871,0.8238711381040401,0.4666666666666667,0.5,-0.4111111111111111,1.0
0.49,145,90,3,41,0.7172413793103448,0.967741935483871,0.8238711381040401,0.4666666666666667,0.5,-0.4111111111111111,1.0
0.5,146,90,3,40,0.726027397260274,0.967741935483871,0.8296373597704149,0.4888888888888889,0.75,-0.4888888888888889,1.0
0.51,145,89,4,38,0.7379310344827587,0.956989247311828,0.8333041652082606,0.5280898876404494,0.5,-0.5617977528089888,1.0
0.52,142,89,4,37,0.7394366197183099,0.956989247311828,0.8342632683122796,0.6179775280898876,0.5,-0.7191011235955056,1.0
0.53,142,89,4,37,0.7394366197183099,0.956989247311828,0.8342632683122796,0.6292134831460674,0.5,-0.7865168539325843,1.0
0.54,142,89,4,37,0.7394366197183099,0.956989247311828,0.8342632683122796,0.6292134831460674,0.5,-0.7865168539325843,1.0
0.55,142,89,4,37,0.7394366197183099,0.956989247311828,0.8342632683122796,0.6629213483146067,0.5,-0.8089887640449438,1.0
0.56,143,89,4,38,0.7342657342657343,0.956989247311828,0.8309621198648409,0.6629213483146067,0.5,-0.8314606741573034,1.0
0.57,144,88,5,39,0.7291666666666666,0.946236559139785,0.8236395240005349,0.6818181818181818,0.5,-0.7954545454545454,1.0
0.58,142,88,5,37,0.7394366197183099,0.946236559139785,0.8301513858317237,0.7272727272727273,0.5,-0.8181818181818182,1.0
0.59,141,88,5,36,0.7446808510638298,0.946236559139785,0.8334460830740089,0.75,0.5,-0.8409090909090909,1.0
0.6,141,88,5,36,0.7446808510638298,0.946236559139785,0.8334460830740089,0.75,0.5,-0.8409090909090909,1.0
0.61,139,88,5,35,0.7482014388489209,0.946236559139785,0.8356464572680788,0.8977272727272727,0.5,-0.875,1.0
0.62,138,87,6,35,0.7463768115942029,0.9354838709677419,0.8302988186240444,0.8735632183908046,0.5,-0.896551724137931,1.0
0.63,135,86,7,32,0.762962962962963,0.9247311827956989,0.8360941998206616,0.8488372093023255,0.5,-0.9534883720930233,1.0
0.64,131,86,7,30,0.7709923664122137,0.9247311827956989,0.8408925891863109,1.0232558139534884,1.0,-1.0813953488372092,1.0
0.65,130,86,7,29,0.7769230769230769,0.9247311827956989,0.8444077188548097,1.0348837209302326,1.0,-1.1046511627906976,1.0
0.66,130,86,7,29,0.7769230769230769,0.9247311827956989,0.8444077188548097,1.0348837209302326,1.0,-1.1046511627906976,1.0
0.67,131,86,7,28,0.7862595419847328,0.9247311827956989,0.8498920604461501,1.0930232558139534,1.0,-1.1395348837209303,1.0
0.68,129,86,7,26,0.7984496124031008,0.9247311827956989,0.856963188700237,1.1395348837209303,1.0,-1.186046511627907,1.0
0.69,131,85,8,26,0.8015267175572519,0.9139784946236559,0.854066985645933,1.1764705882352942,1.0,-1.2823529411764707,1.0
0.7,131,84,9,28,0.7862595419847328,0.9032258064516129,0.8406937764174319,1.2023809523809523,1.0,-1.5595238095238095,1.0
0.71,130,84,9,27,0.7923076923076923,0.9032258064516129,0.8441387384750475,1.2380952380952381,1.0,-1.6666666666666667,1.0
0.72,130,84,9,27,0.7923076923076923,0.9032258064516129,0.8441387384750475,1.2380952380952381,1.0,-1.6666666666666667,1.0
0.73,129,83,10,27,0.7906976744186046,0.8924731182795699,0.8385083939979201,1.2891566265060241,1.0,-1.6626506024096386,1.0
0.74,123,81,12,24,0.8048780487804879,0.8709677419354839,0.8366197183098593,1.1728395061728396,1.0,-1.654320987654321,1.0
0.75,123,81,12,24,0.8048780487804879,0.8709677419354839,0.8366197183098593,1.1975308641975309,1.0,-1.8518518518518519,1.0
0.76,123,81,12,22,0.8211382113821138,0.8709677419354839,0.8453192808431494,1.2839506172839505,1.0,-1.9753086419753085,1.0
0.77,121,80,13,20,0.8347107438016529,0.8602150537634409,0.8472710113773397,1.2,1.0,-1.9875,1.0
0.78,119,78,15,18,0.8487394957983193,0.8387096774193549,0.843694779116466,1.2692307692307692,1.0,-1.9743589743589745,1.0
0.79,119,78,15,18,0.8487394957983193,0.8387096774193549,0.843694779116466,1.2692307692307692,1.0,-1.9743589743589745,1.0
0.8,120,77,16,18,0.85,0.8279569892473119,0.8388337071451457,1.4415584415584415,1.0,-2.2337662337662336,1.0
0.81,115,77,16,16,0.8608695652173913,0.8279569892473119,0.8440925700365409,1.5714285714285714,1.0,-2.4805194805194803,1.0
0.82,114,76,17,14,0.8771929824561403,0.8172043010752689,0.8461367178802048,1.7763157894736843,1.0,-2.6973684210526314,1.0
0.83,109,76,17,13,0.8807339449541285,0.8172043010752689,0.8477806181733674,2.0921052631578947,1.0,-2.8421052631578947,1.0
0.84,108,76,17,12,0.8888888888888888,0.8172043010752689,0.8515406162464986,2.289473684210526,1.0,-2.9342105263157894,1.0
0.85,108,76,17,12,0.8888888888888888,0.8172043010752689,0.8515406162464986,2.289473684210526,1.0,-2.9342105263157894,1.0
0.86,102,73,20,12,0.8823529411764706,0.7849462365591398,0.830804248861912,2.287671232876712,1.0,-3.041095890410959,1.0
0.87,94,69,24,8,0.9148936170212766,0.7419354838709677,0.8193869096934547,2.1739130434782608,1.0,-3.6231884057971016,1.0
0.88,82,63,30,7,0.9146341463414634,0.6774193548387096,0.7783543365455894,2.7738095238095237,1.0,-3.623015873015873,1.0
0.89,80,61,32,7,0.9125,0.6559139784946236,0.7632187848144657,2.7991803278688523,1.0,-3.8237704918032787,2.0
0.9,79,60,33,7,0.9113924050632911,0.6451612903225806,0.7555089192025184,2.8125,1.0,-4.204166666666667,1.5
0.91,79,60,33,7,0.9113924050632911,0.6451612903225806,0.7555089192025184,2.8125,1.0,-4.204166666666667,1.5
0.92,72,57,36,6,0.9166666666666666,0.6129032258064516,0.734622144112478,3.1008771929824563,1.5,-4.583333333333333,2.0
0.93,64,51,42,6,0.90625,0.5483870967741935,0.6832986832986833,3.6029411764705883,1.5,-4.75,2.0
0.94,54,43,50,5,0.9074074074074074,0.46236559139784944,0.6125890391045209,3.0174418604651163,1.5,-4.098837209302325,2.0
0.95,47,36,57,5,0.8936170212765957,0.3870967741935484,0.5401929260450161,2.6805555555555554,1.5,-4.263888888888889,1.0
