recording,type,number,start_s,end_s,duration_s,status,onset_error_s,offset_error_s,max_proba
190304A_E,real,1,1291.0,1298.0,7.0,missed,,,
191113A_D,real,1,1254.0,1267.0,13.0,missed,,,
191113A_D,real,2,1428.0,1433.0,5.0,missed,,,
210204B_C,real,1,143.5,148.5,5.0,found,-0.5,0.5,0.9599999785423279
210204B_C,real,2,302.5,307.5,5.0,found,0.5,0.5,0.9599999785423279
210204B_C,real,3,530.5,535.5,5.0,found,-0.5,0.5,0.9599999785423279
210204B_C,real,4,668.5,671.5,3.0,found,-1.5,2.5,0.9599999785423279
210204B_C,real,5,754.5,758.5,4.0,found,-0.5,0.5,0.9700000286102295
210204B_C,real,6,1216.5,1221.5,5.0,found,-0.5,0.5,0.9900000095367432
210204B_C,detected,1,143.0,149.0,6.0,true detection,,,0.9599999785423279
210204B_C,detected,2,303.0,308.0,5.0,true detection,,,0.9599999785423279
210204B_C,detected,3,530.0,536.0,6.0,true detection,,,0.9599999785423279
210204B_C,detected,4,667.0,674.0,7.0,true detection,,,0.9599999785423279
210204B_C,detected,5,754.0,759.0,5.0,true detection,,,0.9700000286102295
210204B_C,detected,6,1216.0,1222.0,6.0,true detection,,,0.9900000095367432
210208B_G,real,1,496.75,506.75,10.0,found,1.25,6.25,1.0
210208B_G,real,2,567.75,574.75,7.0,found,0.25,0.25,0.8399999737739563
210208B_G,real,3,814.75,828.75,14.0,found,2.25,0.25,0.9700000286102295
210208B_G,real,4,1077.75,1093.75,16.0,found,1.25,1.25,0.9700000286102295
210208B_G,detected,1,498.0,513.0,15.0,true detection,,,1.0
210208B_G,detected,2,568.0,575.0,7.0,true detection,,,0.8399999737739563
210208B_G,detected,3,817.0,829.0,12.0,true detection,,,0.9700000286102295
210208B_G,detected,4,1079.0,1095.0,16.0,true detection,,,0.9700000286102295
210406A_F,real,1,633.0,641.0,8.0,found,3.0,1.0,0.949999988079071
210406A_F,detected,1,636.0,642.0,6.0,true detection,,,0.949999988079071
210427B_C,real,1,1031.0,1049.0,18.0,found,1.0,0.0,0.8999999761581421
210427B_C,detected,1,278.0,280.0,2.0,false alarm,,,0.9100000262260437
210427B_C,detected,2,288.0,293.0,5.0,false alarm,,,0.7200000286102295
210427B_C,detected,3,327.0,331.0,4.0,false alarm,,,0.8199999928474426
210427B_C,detected,4,345.0,348.0,3.0,false alarm,,,0.7799999713897705
210427B_C,detected,5,817.0,819.0,2.0,false alarm,,,0.75
210427B_C,detected,6,826.0,828.0,2.0,false alarm,,,0.6899999976158142
210427B_C,detected,7,832.0,834.0,2.0,false alarm,,,0.8299999833106995
210427B_C,detected,8,892.0,898.0,6.0,false alarm,,,0.7200000286102295
210427B_C,detected,9,1032.0,1044.0,12.0,true detection,,,0.8999999761581421
210427B_C,detected,10,1047.0,1049.0,2.0,true detection,,,0.8299999833106995
210504B_C,real,1,0.0,8.0,8.0,found,0.0,0.0,0.8500000238418579
210504B_C,real,2,731.0,747.0,16.0,found,-1.0,0.0,0.9900000095367432
210504B_C,real,3,1041.0,1047.0,6.0,found,0.0,-1.0,0.9399999976158142
210504B_C,real,4,1126.0,1129.0,3.0,found,0.0,1.0,0.8999999761581421
210504B_C,real,5,1217.0,1220.0,3.0,found,0.0,0.0,0.9200000166893005
210504B_C,real,6,1344.0,1346.0,2.0,found,0.0,1.0,0.8600000143051147
210504B_C,real,7,1375.0,1386.0,11.0,found,0.0,0.0,0.9300000071525574
210504B_C,real,8,1460.0,1472.0,12.0,found,0.0,1.0,0.8299999833106995
210504B_C,real,9,1700.0,1703.0,3.0,found,0.0,0.0,0.8999999761581421
210504B_C,real,10,1873.0,1876.0,3.0,found,0.0,0.0,0.8199999928474426
210504B_C,real,11,1975.0,1983.0,8.0,found,0.0,-1.0,0.949999988079071
210504B_C,real,12,2399.0,2459.0,60.0,found,2.0,-48.0,0.8299999833106995
210504B_C,detected,1,0.0,8.0,8.0,true detection,,,0.8500000238418579
210504B_C,detected,2,730.0,747.0,17.0,true detection,,,0.9900000095367432
210504B_C,detected,3,1041.0,1046.0,5.0,true detection,,,0.9399999976158142
210504B_C,detected,4,1126.0,1130.0,4.0,true detection,,,0.8999999761581421
210504B_C,detected,5,1217.0,1220.0,3.0,true detection,,,0.9200000166893005
210504B_C,detected,6,1281.0,1284.0,3.0,false alarm,,,0.75
210504B_C,detected,7,1344.0,1347.0,3.0,true detection,,,0.8600000143051147
210504B_C,detected,8,1375.0,1386.0,11.0,true detection,,,0.9300000071525574
210504B_C,detected,9,1460.0,1473.0,13.0,true detection,,,0.8299999833106995
210504B_C,detected,10,1700.0,1703.0,3.0,true detection,,,0.8999999761581421
210504B_C,detected,11,1873.0,1876.0,3.0,true detection,,,0.8199999928474426
210504B_C,detected,12,1940.0,1943.0,3.0,false alarm,,,0.9200000166893005
210504B_C,detected,13,1975.0,1982.0,7.0,true detection,,,0.949999988079071
210504B_C,detected,14,2249.0,2269.0,20.0,false alarm,,,0.8500000238418579
210504B_C,detected,15,2274.0,2276.0,2.0,false alarm,,,0.8199999928474426
210504B_C,detected,16,2401.0,2411.0,10.0,true detection,,,0.8299999833106995
210504B_C,detected,17,2838.0,2863.0,25.0,false alarm,,,0.8399999737739563
210504B_C,detected,18,3001.0,3003.0,2.0,false alarm,,,0.7200000286102295
210504B_C,detected,19,3007.0,3011.0,4.0,false alarm,,,0.7799999713897705
210504B_C,detected,20,3019.0,3021.0,2.0,false alarm,,,0.699999988079071
210914B_A,real,1,14.0,18.0,4.0,found,1.0,1.0,0.9900000095367432
210914B_A,real,2,28.0,66.0,38.0,found,0.0,-20.0,0.9399999976158142
210914B_A,real,3,81.0,87.0,6.0,found,0.0,-2.0,0.8999999761581421
210914B_A,real,4,96.0,107.0,11.0,found,3.0,-1.0,0.9599999785423279
210914B_A,real,5,154.0,160.0,6.0,found,0.0,0.0,1.0
210914B_A,real,6,168.0,174.0,6.0,found,1.0,0.0,0.9800000190734863
210914B_A,real,7,271.0,276.0,5.0,found,1.0,0.0,0.9399999976158142
210914B_A,real,8,358.0,389.0,31.0,found,1.0,-3.0,0.9399999976158142
210914B_A,real,9,512.0,561.0,49.0,found,2.0,-4.0,0.9900000095367432
210914B_A,real,10,673.0,681.0,8.0,found,0.0,-1.0,0.9599999785423279
210914B_A,real,11,1026.0,1038.0,12.0,found,1.0,-4.0,0.9300000071525574
210914B_A,detected,1,15.0,19.0,4.0,true detection,,,0.9900000095367432
210914B_A,detected,2,28.0,33.0,5.0,true detection,,,0.9399999976158142
210914B_A,detected,3,44.0,46.0,2.0,true detection,,,0.6700000166893005
210914B_A,detected,4,81.0,85.0,4.0,true detection,,,0.8999999761581421
210914B_A,detected,5,99.0,106.0,7.0,true detection,,,0.9599999785423279
210914B_A,detected,6,154.0,160.0,6.0,true detection,,,1.0
210914B_A,detected,7,169.0,174.0,5.0,true detection,,,0.9800000190734863
210914B_A,detected,8,272.0,276.0,4.0,true detection,,,0.9399999976158142
210914B_A,detected,9,359.0,366.0,7.0,true detection,,,0.9399999976158142
210914B_A,detected,10,372.0,374.0,2.0,true detection,,,0.75
210914B_A,detected,11,383.0,386.0,3.0,true detection,,,0.8399999737739563
210914B_A,detected,12,514.0,517.0,3.0,true detection,,,0.9900000095367432
210914B_A,detected,13,526.0,535.0,9.0,true detection,,,0.9800000190734863
210914B_A,detected,14,537.0,540.0,3.0,true detection,,,0.8199999928474426
210914B_A,detected,15,543.0,548.0,5.0,true detection,,,0.9100000262260437
210914B_A,detected,16,555.0,557.0,2.0,true detection,,,0.7599999904632568
210914B_A,detected,17,673.0,680.0,7.0,true detection,,,0.9599999785423279
210914B_A,detected,18,682.0,684.0,2.0,false alarm,,,0.6800000071525574
210914B_A,detected,19,904.0,908.0,4.0,false alarm,,,0.9399999976158142
210914B_A,detected,20,916.0,919.0,3.0,false alarm,,,0.949999988079071
210914B_A,detected,21,1027.0,1034.0,7.0,true detection,,,0.9300000071525574
210928B_B,real,1,1152.0,1182.0,30.0,found,1.0,-17.0,0.7799999713897705
210928B_B,real,2,1290.0,1315.0,25.0,found,0.0,-1.0,0.949999988079071
210928B_B,detected,1,1153.0,1155.0,2.0,true detection,,,0.6899999976158142
210928B_B,detected,2,1157.0,1165.0,8.0,true detection,,,0.7799999713897705
210928B_B,detected,3,1290.0,1293.0,3.0,true detection,,,0.949999988079071
210928B_B,detected,4,1296.0,1314.0,18.0,true detection,,,0.8199999928474426
211027B_C,real,1,132.0,150.0,18.0,found,-1.0,1.0,1.0
211027B_C,real,2,166.0,174.0,8.0,found,0.0,-1.0,1.0
211027B_C,real,3,185.0,194.0,9.0,found,1.0,1.0,0.9900000095367432
211027B_C,real,4,382.0,393.0,11.0,found,3.0,-1.0,0.9900000095367432
211027B_C,real,5,399.0,408.0,9.0,found,0.0,1.0,0.9700000286102295
211027B_C,real,6,613.0,625.0,12.0,found,1.0,0.0,1.0
211027B_C,real,7,1100.0,1147.0,47.0,found,1.0,0.0,0.9900000095367432
211027B_C,real,8,1158.0,1167.0,9.0,found,2.0,0.0,0.9800000190734863
211027B_C,detected,1,131.0,151.0,20.0,true detection,,,1.0
211027B_C,detected,2,166.0,173.0,7.0,true detection,,,1.0
211027B_C,detected,3,186.0,195.0,9.0,true detection,,,0.9900000095367432
211027B_C,detected,4,385.0,392.0,7.0,true detection,,,0.9900000095367432
211027B_C,detected,5,399.0,409.0,10.0,true detection,,,0.9700000286102295
211027B_C,detected,6,424.0,439.0,15.0,false alarm,,,1.0
211027B_C,detected,7,614.0,625.0,11.0,true detection,,,1.0
211027B_C,detected,8,834.0,845.0,11.0,false alarm,,,1.0
211027B_C,detected,9,1101.0,1137.0,36.0,true detection,,,0.9900000095367432
211027B_C,detected,10,1139.0,1147.0,8.0,true detection,,,0.9399999976158142
211027B_C,detected,11,1160.0,1167.0,7.0,true detection,,,0.9800000190734863
211104B_D,real,1,253.0,259.0,6.0,found,0.0,1.0,0.8199999928474426
211104B_D,real,2,384.0,392.0,8.0,found,0.0,0.0,0.8399999737739563
211104B_D,real,3,555.0,565.0,10.0,found,0.0,0.0,0.8299999833106995
211104B_D,real,4,806.0,814.0,8.0,found,2.0,-1.0,0.9200000166893005
211104B_D,real,5,896.0,904.0,8.0,found,1.0,-1.0,0.8999999761581421
211104B_D,detected,1,51.0,60.0,9.0,false alarm,,,0.8500000238418579
211104B_D,detected,2,253.0,260.0,7.0,true detection,,,0.8199999928474426
211104B_D,detected,3,384.0,392.0,8.0,true detection,,,0.8399999737739563
211104B_D,detected,4,555.0,565.0,10.0,true detection,,,0.8299999833106995
211104B_D,detected,5,808.0,813.0,5.0,true detection,,,0.9200000166893005
211104B_D,detected,6,897.0,903.0,6.0,true detection,,,0.8999999761581421
220106A_A,real,1,335.0,354.0,19.0,found,4.0,-1.0,0.75
220106A_A,real,2,1151.0,1169.0,18.0,found,6.0,-3.0,0.7900000214576721
220106A_A,detected,1,339.0,344.0,5.0,true detection,,,0.75
220106A_A,detected,2,350.0,353.0,3.0,true detection,,,0.7200000286102295
220106A_A,detected,3,1157.0,1166.0,9.0,true detection,,,0.7900000214576721
220121B_D,real,1,105.0,120.0,15.0,found,0.0,0.0,0.949999988079071
220121B_D,real,2,330.0,348.0,18.0,found,5.0,-2.0,0.9599999785423279
220121B_D,real,3,598.0,615.0,17.0,found,0.0,1.0,0.9599999785423279
220121B_D,detected,1,105.0,120.0,15.0,true detection,,,0.949999988079071
220121B_D,detected,2,335.0,346.0,11.0,true detection,,,0.9599999785423279
220121B_D,detected,3,598.0,616.0,18.0,true detection,,,0.9599999785423279
230102B_F,real,1,58.0,67.0,9.0,found,1.0,-4.0,0.7599999904632568
230102B_F,real,2,230.0,246.0,16.0,found,6.0,0.0,0.8299999833106995
230102B_F,real,3,277.0,287.0,10.0,missed,,,
230102B_F,real,4,373.0,387.0,14.0,found,1.0,-4.0,0.7900000214576721
230102B_F,real,5,454.0,462.0,8.0,found,1.0,1.0,0.8100000023841858
230102B_F,real,6,641.0,661.0,20.0,found,2.0,-1.0,0.8700000047683716
230102B_F,real,7,956.0,980.0,24.0,found,8.0,-6.0,0.800000011920929
230102B_F,real,8,1058.0,1075.0,17.0,found,1.0,1.0,0.8999999761581421
230102B_F,real,9,1203.0,1220.0,17.0,found,3.0,0.0,0.9300000071525574
230102B_F,detected,1,59.0,63.0,4.0,true detection,,,0.7599999904632568
230102B_F,detected,2,236.0,246.0,10.0,true detection,,,0.8299999833106995
230102B_F,detected,3,374.0,378.0,4.0,true detection,,,0.7900000214576721
230102B_F,detected,4,381.0,383.0,2.0,true detection,,,0.6700000166893005
230102B_F,detected,5,455.0,463.0,8.0,true detection,,,0.8100000023841858
230102B_F,detected,6,643.0,654.0,11.0,true detection,,,0.8700000047683716
230102B_F,detected,7,658.0,660.0,2.0,true detection,,,0.7300000190734863
230102B_F,detected,8,964.0,966.0,2.0,true detection,,,0.800000011920929
230102B_F,detected,9,968.0,974.0,6.0,true detection,,,0.7200000286102295
230102B_F,detected,10,1059.0,1076.0,17.0,true detection,,,0.8999999761581421
230102B_F,detected,11,1206.0,1220.0,14.0,true detection,,,0.9300000071525574
230105B_H,real,1,508.0,513.0,5.0,found,0.0,1.0,0.9800000190734863
230105B_H,real,2,594.0,598.0,4.0,found,0.0,1.0,0.9900000095367432
230105B_H,real,3,616.0,620.0,4.0,found,0.0,1.0,0.9800000190734863
230105B_H,real,4,688.0,697.0,9.0,found,0.0,1.0,0.9599999785423279
230105B_H,real,5,1454.0,1460.0,6.0,found,0.0,0.0,0.9599999785423279
230105B_H,real,6,1495.0,1498.0,3.0,found,-1.0,1.0,0.9700000286102295
230105B_H,real,7,2887.0,2894.0,7.0,found,0.0,1.0,0.949999988079071
230105B_H,detected,1,508.0,514.0,6.0,true detection,,,0.9800000190734863
230105B_H,detected,2,594.0,599.0,5.0,true detection,,,0.9900000095367432
230105B_H,detected,3,616.0,621.0,5.0,true detection,,,0.9800000190734863
230105B_H,detected,4,688.0,698.0,10.0,true detection,,,0.9599999785423279
230105B_H,detected,5,1454.0,1460.0,6.0,true detection,,,0.9599999785423279
230105B_H,detected,6,1494.0,1499.0,5.0,true detection,,,0.9700000286102295
230105B_H,detected,7,2887.0,2895.0,8.0,true detection,,,0.949999988079071
230210B_D,real,1,526.0,548.0,22.0,found,1.0,-2.0,0.7699999809265137
230210B_D,detected,1,391.0,402.0,11.0,false alarm,,,0.8799999952316284
230210B_D,detected,2,527.0,529.0,2.0,true detection,,,0.6800000071525574
230210B_D,detected,3,533.0,546.0,13.0,true detection,,,0.7699999809265137
230224B_B,real,1,181.0,196.0,15.0,found,0.0,-1.0,0.8899999856948853
230224B_B,real,2,344.0,360.0,16.0,found,0.0,1.0,0.8999999761581421
230224B_B,real,3,1003.0,1018.0,15.0,found,1.0,0.0,0.9700000286102295
230224B_B,detected,1,181.0,184.0,3.0,true detection,,,0.8100000023841858
230224B_B,detected,2,192.0,195.0,3.0,true detection,,,0.8899999856948853
230224B_B,detected,3,344.0,347.0,3.0,true detection,,,0.8199999928474426
230224B_B,detected,4,353.0,361.0,8.0,true detection,,,0.8999999761581421
230224B_B,detected,5,1004.0,1007.0,3.0,true detection,,,0.7099999785423279
230224B_B,detected,6,1011.0,1018.0,7.0,true detection,,,0.9700000286102295
230406B_A,real,1,166.0,175.0,9.0,found,0.0,0.0,0.9100000262260437
230406B_A,real,2,275.0,286.0,11.0,found,-1.0,1.0,0.9200000166893005
230406B_A,real,3,840.0,850.0,10.0,found,0.0,-1.0,0.8899999856948853
230406B_A,real,4,1063.0,1077.0,14.0,found,0.0,-4.0,0.9300000071525574
230406B_A,detected,1,166.0,175.0,9.0,true detection,,,0.9100000262260437
230406B_A,detected,2,274.0,287.0,13.0,true detection,,,0.9200000166893005
230406B_A,detected,3,840.0,845.0,5.0,true detection,,,0.8899999856948853
230406B_A,detected,4,847.0,849.0,2.0,true detection,,,0.7599999904632568
230406B_A,detected,5,1063.0,1073.0,10.0,true detection,,,0.9300000071525574
230515B_G,real,1,353.0,366.0,13.0,found,0.0,1.0,0.9399999976158142
230515B_G,real,2,430.0,451.0,21.0,found,2.0,-6.0,0.949999988079071
230515B_G,detected,1,353.0,367.0,14.0,true detection,,,0.9399999976158142
230515B_G,detected,2,432.0,445.0,13.0,true detection,,,0.949999988079071
230519A_E,real,1,1036.0,1052.0,16.0,found,1.0,-2.0,0.8899999856948853
230519A_E,real,2,1114.0,1133.0,19.0,found,1.0,-2.0,0.9300000071525574
230519A_E,detected,1,1037.0,1050.0,13.0,true detection,,,0.8899999856948853
230519A_E,detected,2,1115.0,1131.0,16.0,true detection,,,0.9300000071525574
230718A_A,real,1,61.0,75.0,14.0,found,0.0,-1.0,0.7799999713897705
230718A_A,real,2,218.0,222.0,4.0,missed,,,
230718A_A,real,3,302.0,313.0,11.0,found,0.0,-9.0,0.6700000166893005
230718A_A,real,4,430.0,441.0,11.0,missed,,,
230718A_A,real,5,737.0,745.0,8.0,found,3.0,-1.0,0.7200000286102295
230718A_A,real,6,974.0,986.0,12.0,found,0.0,-4.0,0.8399999737739563
230718A_A,real,7,1103.0,1110.0,7.0,found,5.0,0.0,0.6800000071525574
230718A_A,detected,1,2.0,4.0,2.0,false alarm,,,0.699999988079071
230718A_A,detected,2,61.0,63.0,2.0,true detection,,,0.7799999713897705
230718A_A,detected,3,71.0,74.0,3.0,true detection,,,0.7200000286102295
230718A_A,detected,4,182.0,184.0,2.0,false alarm,,,0.7300000190734863
230718A_A,detected,5,186.0,188.0,2.0,false alarm,,,0.699999988079071
230718A_A,detected,6,302.0,304.0,2.0,true detection,,,0.6700000166893005
230718A_A,detected,7,740.0,744.0,4.0,true detection,,,0.7200000286102295
230718A_A,detected,8,974.0,976.0,2.0,true detection,,,0.8399999737739563
230718A_A,detected,9,979.0,982.0,3.0,true detection,,,0.7200000286102295
230718A_A,detected,10,1108.0,1110.0,2.0,true detection,,,0.6800000071525574
