recording,status,real_start_s,real_end_s,detected_start_s,detected_end_s,onset_error_s,offset_error_s,max_proba
190304A_E,FN,1291.0,1298.0,,,,,
191113A_D,FN,1254.0,1267.0,,,,,
191113A_D,FN,1428.0,1433.0,,,,,
210204B_C,TP,143.5,148.5,143.0,149.0,-0.5,0.5,0.9599999785423279
210204B_C,TP,302.5,307.5,303.0,308.0,0.5,0.5,0.9599999785423279
210204B_C,TP,530.5,535.5,530.0,536.0,-0.5,0.5,0.9599999785423279
210204B_C,TP,668.5,671.5,667.0,674.0,-1.5,2.5,0.9599999785423279
210204B_C,TP,754.5,758.5,754.0,759.0,-0.5,0.5,0.9700000286102295
210204B_C,TP,1216.5,1221.5,1216.0,1222.0,-0.5,0.5,0.9900000095367432
210208B_G,TP,496.75,506.75,498.0,513.0,1.25,6.25,1.0
210208B_G,TP,567.75,574.75,568.0,575.0,0.25,0.25,0.8399999737739563
210208B_G,TP,814.75,828.75,817.0,829.0,2.25,0.25,0.9700000286102295
210208B_G,TP,1077.75,1093.75,1079.0,1095.0,1.25,1.25,0.9700000286102295
210406A_F,TP,633.0,641.0,636.0,642.0,3.0,1.0,0.949999988079071
210427B_C,FP,,,278.0,280.0,,,0.9100000262260437
210427B_C,FP,,,288.0,293.0,,,0.7200000286102295
210427B_C,FP,,,327.0,331.0,,,0.8199999928474426
210427B_C,FP,,,345.0,348.0,,,0.7799999713897705
210427B_C,FP,,,817.0,819.0,,,0.75
210427B_C,FP,,,826.0,828.0,,,0.6899999976158142
210427B_C,FP,,,832.0,834.0,,,0.8299999833106995
210427B_C,FP,,,892.0,898.0,,,0.7200000286102295
210427B_C,TP,1031.0,1049.0,1032.0,1049.0,1.0,0.0,0.8999999761581421
210504B_C,TP,0.0,8.0,0.0,8.0,0.0,0.0,0.8500000238418579
210504B_C,TP,731.0,747.0,730.0,747.0,-1.0,0.0,0.9900000095367432
210504B_C,TP,1041.0,1047.0,1041.0,1046.0,0.0,-1.0,0.9399999976158142
210504B_C,TP,1126.0,1129.0,1126.0,1130.0,0.0,1.0,0.8999999761581421
210504B_C,TP,1217.0,1220.0,1217.0,1220.0,0.0,0.0,0.9200000166893005
210504B_C,FP,,,1281.0,1284.0,,,0.75
210504B_C,TP,1344.0,1346.0,1344.0,1347.0,0.0,1.0,0.8600000143051147
210504B_C,TP,1375.0,1386.0,1375.0,1386.0,0.0,0.0,0.9300000071525574
210504B_C,TP,1460.0,1472.0,1460.0,1473.0,0.0,1.0,0.8299999833106995
210504B_C,TP,1700.0,1703.0,1700.0,1703.0,0.0,0.0,0.8999999761581421
210504B_C,TP,1873.0,1876.0,1873.0,1876.0,0.0,0.0,0.8199999928474426
210504B_C,FP,,,1940.0,1943.0,,,0.9200000166893005
210504B_C,TP,1975.0,1983.0,1975.0,1982.0,0.0,-1.0,0.949999988079071
210504B_C,FP,,,2249.0,2269.0,,,0.8500000238418579
210504B_C,FP,,,2274.0,2276.0,,,0.8199999928474426
210504B_C,TP,2399.0,2459.0,2401.0,2411.0,2.0,-48.0,0.8299999833106995
210504B_C,FP,,,2838.0,2863.0,,,0.8399999737739563
210504B_C,FP,,,3001.0,3003.0,,,0.7200000286102295
210504B_C,FP,,,3007.0,3011.0,,,0.7799999713897705
210504B_C,FP,,,3019.0,3021.0,,,0.699999988079071
210914B_A,TP,14.0,18.0,15.0,19.0,1.0,1.0,0.9900000095367432
210914B_A,TP,28.0,66.0,28.0,46.0,0.0,-20.0,0.9399999976158142
210914B_A,TP,81.0,87.0,81.0,85.0,0.0,-2.0,0.8999999761581421
210914B_A,TP,96.0,107.0,99.0,106.0,3.0,-1.0,0.9599999785423279
210914B_A,TP,154.0,160.0,154.0,160.0,0.0,0.0,1.0
210914B_A,TP,168.0,174.0,169.0,174.0,1.0,0.0,0.9800000190734863
210914B_A,TP,271.0,276.0,272.0,276.0,1.0,0.0,0.9399999976158142
210914B_A,TP,358.0,389.0,359.0,386.0,1.0,-3.0,0.9399999976158142
210914B_A,TP,512.0,561.0,514.0,557.0,2.0,-4.0,0.9900000095367432
210914B_A,TP,673.0,681.0,673.0,680.0,0.0,-1.0,0.9599999785423279
210914B_A,FP,,,682.0,684.0,,,0.6800000071525574
210914B_A,FP,,,904.0,908.0,,,0.9399999976158142
210914B_A,FP,,,916.0,919.0,,,0.949999988079071
210914B_A,TP,1026.0,1038.0,1027.0,1034.0,1.0,-4.0,0.9300000071525574
210928B_B,TP,1152.0,1182.0,1153.0,1165.0,1.0,-17.0,0.7799999713897705
210928B_B,TP,1290.0,1315.0,1290.0,1314.0,0.0,-1.0,0.949999988079071
211027B_C,TP,132.0,150.0,131.0,151.0,-1.0,1.0,1.0
211027B_C,TP,166.0,174.0,166.0,173.0,0.0,-1.0,1.0
211027B_C,TP,185.0,194.0,186.0,195.0,1.0,1.0,0.9900000095367432
211027B_C,TP,382.0,393.0,385.0,392.0,3.0,-1.0,0.9900000095367432
211027B_C,TP,399.0,408.0,399.0,409.0,0.0,1.0,0.9700000286102295
211027B_C,FP,,,424.0,439.0,,,1.0
211027B_C,TP,613.0,625.0,614.0,625.0,1.0,0.0,1.0
211027B_C,FP,,,834.0,845.0,,,1.0
211027B_C,TP,1100.0,1147.0,1101.0,1147.0,1.0,0.0,0.9900000095367432
211027B_C,TP,1158.0,1167.0,1160.0,1167.0,2.0,0.0,0.9800000190734863
211104B_D,FP,,,51.0,60.0,,,0.8500000238418579
211104B_D,TP,253.0,259.0,253.0,260.0,0.0,1.0,0.8199999928474426
211104B_D,TP,384.0,392.0,384.0,392.0,0.0,0.0,0.8399999737739563
211104B_D,TP,555.0,565.0,555.0,565.0,0.0,0.0,0.8299999833106995
211104B_D,TP,806.0,814.0,808.0,813.0,2.0,-1.0,0.9200000166893005
211104B_D,TP,896.0,904.0,897.0,903.0,1.0,-1.0,0.8999999761581421
220106A_A,TP,335.0,354.0,339.0,353.0,4.0,-1.0,0.75
220106A_A,TP,1151.0,1169.0,1157.0,1166.0,6.0,-3.0,0.7900000214576721
220121B_D,TP,105.0,120.0,105.0,120.0,0.0,0.0,0.949999988079071
220121B_D,TP,330.0,348.0,335.0,346.0,5.0,-2.0,0.9599999785423279
220121B_D,TP,598.0,615.0,598.0,616.0,0.0,1.0,0.9599999785423279
230102B_F,TP,58.0,67.0,59.0,63.0,1.0,-4.0,0.7599999904632568
230102B_F,TP,230.0,246.0,236.0,246.0,6.0,0.0,0.8299999833106995
230102B_F,FN,277.0,287.0,,,,,
230102B_F,TP,373.0,387.0,374.0,383.0,1.0,-4.0,0.7900000214576721
230102B_F,TP,454.0,462.0,455.0,463.0,1.0,1.0,0.8100000023841858
230102B_F,TP,641.0,661.0,643.0,660.0,2.0,-1.0,0.8700000047683716
230102B_F,TP,956.0,980.0,964.0,974.0,8.0,-6.0,0.800000011920929
230102B_F,TP,1058.0,1075.0,1059.0,1076.0,1.0,1.0,0.8999999761581421
230102B_F,TP,1203.0,1220.0,1206.0,1220.0,3.0,0.0,0.9300000071525574
230105B_H,TP,508.0,513.0,508.0,514.0,0.0,1.0,0.9800000190734863
230105B_H,TP,594.0,598.0,594.0,599.0,0.0,1.0,0.9900000095367432
230105B_H,TP,616.0,620.0,616.0,621.0,0.0,1.0,0.9800000190734863
230105B_H,TP,688.0,697.0,688.0,698.0,0.0,1.0,0.9599999785423279
230105B_H,TP,1454.0,1460.0,1454.0,1460.0,0.0,0.0,0.9599999785423279
230105B_H,TP,1495.0,1498.0,1494.0,1499.0,-1.0,1.0,0.9700000286102295
230105B_H,TP,2887.0,2894.0,2887.0,2895.0,0.0,1.0,0.949999988079071
230210B_D,FP,,,391.0,402.0,,,0.8799999952316284
230210B_D,TP,526.0,548.0,527.0,546.0,1.0,-2.0,0.7699999809265137
230224B_B,TP,181.0,196.0,181.0,195.0,0.0,-1.0,0.8899999856948853
230224B_B,TP,344.0,360.0,344.0,361.0,0.0,1.0,0.8999999761581421
230224B_B,TP,1003.0,1018.0,1004.0,1018.0,1.0,0.0,0.9700000286102295
230406B_A,TP,166.0,175.0,166.0,175.0,0.0,0.0,0.9100000262260437
230406B_A,TP,275.0,286.0,274.0,287.0,-1.0,1.0,0.9200000166893005
230406B_A,TP,840.0,850.0,840.0,849.0,0.0,-1.0,0.8899999856948853
230406B_A,TP,1063.0,1077.0,1063.0,1073.0,0.0,-4.0,0.9300000071525574
230515B_G,TP,353.0,366.0,353.0,367.0,0.0,1.0,0.9399999976158142
230515B_G,TP,430.0,451.0,432.0,445.0,2.0,-6.0,0.949999988079071
230519A_E,TP,1036.0,1052.0,1037.0,1050.0,1.0,-2.0,0.8899999856948853
230519A_E,TP,1114.0,1133.0,1115.0,1131.0,1.0,-2.0,0.9300000071525574
230718A_A,FP,,,2.0,4.0,,,0.699999988079071
230718A_A,TP,61.0,75.0,61.0,74.0,0.0,-1.0,0.7799999713897705
230718A_A,FP,,,182.0,184.0,,,0.7300000190734863
230718A_A,FP,,,186.0,188.0,,,0.699999988079071
230718A_A,FN,218.0,222.0,,,,,
230718A_A,TP,302.0,313.0,302.0,304.0,0.0,-9.0,0.6700000166893005
230718A_A,FN,430.0,441.0,,,,,
230718A_A,TP,737.0,745.0,740.0,744.0,3.0,-1.0,0.7200000286102295
230718A_A,TP,974.0,986.0,974.0,982.0,0.0,-4.0,0.8399999737739563
230718A_A,TP,1103.0,1110.0,1108.0,1110.0,5.0,0.0,0.6800000071525574
