feature,class_0_mean,class_1_mean,class_0_median,class_1_median,cohens_d,roc_auc,separation_auc,within_recording_auc_median,within_recording_separation_auc,higher_in_class
avg_beta_power,97.90228718526915,1005.4560878692716,16.754056930541992,532.8554382324219,0.43780237274422007,0.9321164056401964,0.9321164056401964,0.970014245014245,0.970014245014245,1
C3_beta_power,72.57178773133342,1097.832215029327,13.677783966064453,555.6666564941406,0.5746418560025346,0.9292235539204586,0.9292235539204586,0.963283936722316,0.963283936722316,1
avg_alpha_power,182.69269768033823,1494.9166073645808,43.43330383300781,977.211669921875,0.38161758118525324,0.928210305905796,0.928210305905796,0.9525403911564626,0.9525403911564626,1
C4_beta_power,70.02457566966473,1058.6383303319526,13.79118537902832,484.5945739746094,0.6196641659376515,0.9276220306518514,0.9276220306518514,0.9632090712347974,0.9632090712347974,1
O1_beta_power,86.90977524715905,1549.3038938405812,26.45738410949707,668.1424255371094,0.8038179375155936,0.9275770758464158,0.9275770758464158,0.9699135638297873,0.9699135638297873,1
T4_beta_power,71.05803307518126,1133.5383242401278,15.158906936645508,486.8733825683594,0.6501680816638508,0.9274737264137121,0.9274737264137121,0.964872033837551,0.964872033837551,1
O2_beta_power,290.16900430902297,1447.4662663810122,27.707746505737305,718.9295959472656,0.11139814308195019,0.9269581514051208,0.9269581514051208,0.9666859567901236,0.9666859567901236,1
avg_theta_power,525.04782236567,2255.2604861397454,93.29553985595703,1393.3973999023438,0.18301494515679295,0.9264713075121812,0.9264713075121812,0.9534618641307888,0.9534618641307888,1
C3_alpha_power,136.61182308233563,1695.791339658081,26.42237663269043,995.8375549316406,0.5400026906861093,0.9253771808075616,0.9253771808075616,0.959449192782526,0.959449192782526,1
T3_alpha_power,138.9052083513553,1676.2969246715595,27.042999267578125,1077.7171020507812,0.48701742472485093,0.923439661993143,0.923439661993143,0.9614434947768281,0.9614434947768281,1
T4_alpha_power,137.67259482772636,1539.9924260132566,27.816051483154297,903.6463317871094,0.42637823284275284,0.9225646483402019,0.9225646483402019,0.9597799250160026,0.9597799250160026,1
C3_theta_power,439.35265524110815,2647.7673282569626,75.62361907958984,1479.4454345703125,0.24951676492630545,0.920941640004582,0.920941640004582,0.9546296296296297,0.9546296296296297,1
T4_theta_power,415.4105251763286,2171.3159417692104,72.85450744628906,1123.0368041992188,0.19725894940018404,0.9208459894985574,0.9208459894985574,0.951061865189289,0.951061865189289,1
C4_theta_power,435.32675575861185,2558.473385618814,81.97398376464844,1563.5570068359375,0.23573476167889207,0.9204727247540472,0.9204727247540472,0.9562950102880657,0.9562950102880657,1
T3_beta_power,70.37865647561114,1192.2399355102198,15.353979110717773,555.1425170898438,0.6851876459449943,0.920157361798938,0.920157361798938,0.9681622824397232,0.9681622824397232,1
C4_alpha_power,138.91401596534914,1660.191442719418,28.675363540649414,1021.2577819824219,0.4280982407502561,0.9193809556792237,0.9193809556792237,0.9535211604177121,0.9535211604177121,1
C4_delta_power,8057.945097366797,25968.42045248743,319.5261535644531,15652.4990234375,0.1011577177161627,0.9179906866963079,0.9179906866963079,0.9598499361430396,0.9598499361430396,1
C3_delta_power,8272.228517689646,26095.636965259477,304.4084167480469,15901.70166015625,0.10178124660386326,0.9162376490834548,0.9162376490834548,0.9551303695366722,0.9551303695366722,1
O1_alpha_power,207.27834367521953,2257.314471742348,68.37940216064453,1307.4090576171875,0.6705860526117214,0.9144504191785857,0.9144504191785857,0.9506161929945008,0.9506161929945008,1
T3_theta_power,415.58238045170964,2252.6809356572926,71.89513397216797,1222.8656005859375,0.20941600060123639,0.9106661569568727,0.9106661569568727,0.9606338297059945,0.9606338297059945,1
avg_delta_power,9866.624436942593,21537.044755208914,403.28729248046875,12547.86865234375,0.06696722295495225,0.9073015661588215,0.9073015661588215,0.9546394633873673,0.9546394633873673,1
O2_theta_power,1247.7236026335622,3832.5314126923154,174.9073486328125,2328.0185546875,0.08280041927347506,0.9063909083401486,0.9063909083401486,0.9334117311182559,0.9334117311182559,1
T4_delta_power,8127.982267833827,21221.482777015957,299.8708801269531,11648.0244140625,0.07732618780000268,0.9058434587095108,0.9058434587095108,0.9541397353031702,0.9541397353031702,1
O1_theta_power,561.9667971126808,3734.0902317352234,163.39576721191406,2271.4530029296875,0.36430145084040244,0.9036286453352229,0.9036286453352229,0.9402459474566797,0.9402459474566797,1
T3_delta_power,7845.035565107096,21137.71122128864,303.526611328125,11932.10595703125,0.07897134696102842,0.9015829419490273,0.9015829419490273,0.9515082092401681,0.9515082092401681,1
O2_alpha_power,467.94094184034856,2530.6235668528884,89.61508178710938,1451.62353515625,0.16432191925274814,0.9000254943696605,0.9000254943696605,0.9431080565101183,0.9431080565101183,1
O1_delta_power,9064.60862288677,33923.25389701377,620.8881225585938,19124.5283203125,0.14407319906452618,0.8981060373970701,0.8981060373970701,0.9377322993621805,0.9377322993621805,1
O2_delta_power,21780.638213503593,33415.80474620694,731.8482666015625,19069.8955078125,0.02705239390641175,0.8897768643257312,0.8897768643257312,0.9194213102086374,0.9194213102086374,1
C3_amplitude,341.32515401276066,790.3805357635596,254.34242248535156,746.0233154296875,1.0382556410330066,0.886743207495398,0.886743207495398,0.9733164509472895,0.9733164509472895,1
Fp1_alpha_power,108.63339231085585,313.0859373798923,4.191447734832764,128.8420181274414,0.05625885084063912,0.8782655303867845,0.8782655303867845,0.963905297288479,0.963905297288479,1
C4_amplitude,358.28117767055863,798.8915245264673,271.3463134765625,747.7237548828125,1.0438890896320254,0.8782227467319521,0.8782227467319521,0.9746045556816868,0.9746045556816868,1
O1_amplitude,399.1776271928157,922.0051198634304,321.2840576171875,865.8770446777344,1.195948699280268,0.8754399976556901,0.8754399976556901,0.9621974843796894,0.9621974843796894,1
Fp1_beta_power,53.74433518750987,294.93858903986654,4.294388771057129,97.642822265625,0.14937892057267885,0.8739659595553272,0.8739659595553272,0.9576746849942726,0.9576746849942726,1
T3_amplitude,335.0376361199026,753.5665245792106,242.17120361328125,698.5019226074219,0.9940125571405865,0.8725967494012685,0.8725967494012685,0.9743495617858946,0.9743495617858946,1
O2_amplitude,426.37943435795364,924.7896527324076,318.95721435546875,893.1517333984375,0.8492873324699963,0.8713885507103525,0.8713885507103525,0.9547710905349794,0.9547710905349794,1
T4_amplitude,347.1989975696175,736.7933751563168,265.9766845703125,684.6064758300781,0.9087906845037003,0.869379144167064,0.869379144167064,0.9691990245732508,0.9691990245732508,1
avg_amplitude,347.5162538097669,711.6235781850539,254.2345428466797,662.6751403808594,0.8670039365277287,0.8647902375478518,0.8647902375478518,0.9724530880614657,0.9724530880614657,1
Fp2_beta_power,68.36212826407119,269.6911327589627,4.049149036407471,114.5528793334961,0.09808448312652175,0.8630175397000881,0.8630175397000881,0.9518454218106995,0.9518454218106995,1
C3_std,80.35762581547924,170.3520722297227,54.840728759765625,160.73326110839844,0.862434818219338,0.8511495643046858,0.8511495643046858,0.9580503970487088,0.9580503970487088,1
C3_variance,17407.102993190358,38411.83543705097,3007.505615234375,25835.1826171875,0.12780861966543947,0.8511495643046857,0.8511495643046857,0.9580503970487088,0.9580503970487088,1
Fp2_alpha_power,125.58526214912165,286.03676167687166,4.39363431930542,139.9881591796875,0.045657629695106616,0.8481719844316514,0.8481719844316514,0.9549125514403293,0.9549125514403293,1
Fp1_theta_power,301.27238583646084,452.3645254156022,13.08572769165039,148.746337890625,0.01657132860731825,0.8439332990566818,0.8439332990566818,0.946315387552501,0.946315387552501,1
O1_std,89.94612050769145,191.56970966667225,66.22129821777344,180.8077163696289,0.9683675109404477,0.8414474781353146,0.8414474781353146,0.9545578565387028,0.9545578565387028,1
O1_variance,19034.784338535603,49358.22517537611,4385.26025390625,32691.43359375,0.18691122808308908,0.8414474781353146,0.8414474781353146,0.9545578565387028,0.9545578565387028,1
O2_variance,40872.84905843821,48722.73087702074,4194.22900390625,33654.8125,0.013363366112514163,0.8408874811189818,0.8408874811189818,0.9351924869166248,0.9351924869166248,1
O2_std,97.72961661071375,193.00492231562205,64.76286315917969,183.45235443115234,0.5452072601208406,0.8408874811189817,0.8408874811189817,0.9351924869166248,0.9351924869166248,1
C4_variance,17783.67384849934,39135.04474558937,3484.861572265625,26165.4306640625,0.13150508336169012,0.8377710408469352,0.8377710408469352,0.9523621765001076,0.9523621765001076,1
C4_std,84.93907973135417,172.26566159533533,59.03271484375,161.7573013305664,0.8511763180546567,0.8377710275269928,0.8377710275269928,0.9523621765001076,0.9523621765001076,1
T3_std,78.69813084415098,155.97949834958533,53.8023567199707,146.00574493408203,0.7549397258958404,0.8323503571076545,0.8323503571076545,0.9672360702317266,0.9672360702317266,1
T3_variance,16747.72676500834,32967.66412741118,2894.693603515625,21317.677734375,0.10130149458111663,0.8323503571076544,0.8323503571076544,0.9672360702317266,0.9672360702317266,1
T4_variance,17385.61154967971,32784.02960921407,3336.40087890625,19465.7880859375,0.09722887312440626,0.8264161363109621,0.8264161363109621,0.9559930121743151,0.9559930121743151,1
T4_std,81.4782981267485,153.99607262504063,57.76158905029297,139.5198516845703,0.7016740163109226,0.826416136310962,0.826416136310962,0.9559930121743151,0.9559930121743151,1
avg_variance,20398.858484124892,33260.57941870981,3548.625244140625,21460.109375,0.07506764166174898,0.8264103554559815,0.8264103554559815,0.9483833966592586,0.9483833966592586,1
Fp2_theta_power,383.74747130220914,392.86008544725297,14.661303520202637,160.74496459960938,0.0007760946207739059,0.8248213129733575,0.8248213129733575,0.9080129772477508,0.9080129772477508,1
avg_std,82.35283347622067,148.92943025478596,56.5743408203125,136.0813751220703,0.6505840206844877,0.8205110595481342,0.8205110595481342,0.9507850025091404,0.9507850025091404,1
Fp2_delta_power,8659.79238029996,3201.629574504792,85.75733947753906,847.8868713378906,-0.031167984286166652,0.7553889423166577,0.7553889423166577,0.8518502618700095,0.8518502618700095,1
Fp1_delta_power,7124.764670880001,7332.4189400293435,98.12447357177734,659.8678588867188,0.0012752105943639248,0.7503056660370773,0.7503056660370773,0.8684888487081359,0.8684888487081359,1
avg_min,-333.0240316668276,-621.456011159627,-330.26910400390625,-652.3677062988281,-0.6936023453622643,0.27258879739568487,0.7274112026043151,0.04254469987228608,0.957455300127714,0
T3_min,-338.5138386421902,-672.3880078631582,-136.12062072753906,-574.7315063476562,-0.6219543544201919,0.28047043372396285,0.7195295662760371,0.04691358024691357,0.9530864197530864,0
O2_min,-422.1647330430636,-858.8051016493625,-274.0709228515625,-951.7704467773438,-0.6549378715313919,0.2805721448037573,0.7194278551962427,0.08162024503280871,0.9183797549671913,0
C4_min,-387.30158152566804,-791.6888636574868,-195.00778198242188,-911.2295837402344,-0.6894621114287074,0.28295799955777795,0.717042000442222,0.06735640078990296,0.932643599210097,0
T4_min,-374.3327703075885,-629.3743294375886,-143.81712341308594,-447.6498107910156,-0.47548563723555815,0.28616127253401247,0.7138387274659875,0.06161347517730497,0.938386524822695,0
Fp1_alpha_relative_power,0.0716285857404604,0.13370958005949707,0.038307443261146545,0.10146821662783623,0.5744900696223119,0.7081656441390923,0.7081656441390923,0.7846307759644844,0.7846307759644844,1
O1_min,-399.6344618757344,-765.5318458311475,-264.0972900390625,-709.2412719726562,-0.6590568080963073,0.2929049462273927,0.7070950537726073,0.08602646968297939,0.9139735303170207,0
Fp1_delta_relative_power,0.7367842948026245,0.5873898544642248,0.7807660698890686,0.6098341643810272,-0.7170323924155405,0.3139715006513452,0.6860284993486547,0.27458752107304396,0.725412478926956,0
Fp2_amplitude,288.76441223489024,380.9077507031309,194.0233154296875,316.2723693847656,0.20166517195498565,0.6818593573927013,0.6818593573927013,0.9141105242022673,0.9141105242022673,1
Fp2_alpha_relative_power,0.07776184633803448,0.12907273948555786,0.04035895690321922,0.09211759641766548,0.45558828457528994,0.6761839430758944,0.6761839430758944,0.7533988922129083,0.7533988922129083,1
Fp1_amplitude,283.9655915870445,385.65414586327853,190.2596435546875,293.809326171875,0.24212569057092004,0.6713183546141612,0.6713183546141612,0.9105902777777778,0.9105902777777778,1
C3_min,-640.4647668385895,-986.8265255885109,-545.4669189453125,-965.2840576171875,-0.5733908037560709,0.33430742959744475,0.6656925704025553,0.06353619326640066,0.9364638067335993,0
T3_rms,376.459401380099,490.55279479072794,167.8882598876953,482.5015869140625,0.28895571593623304,0.6553759287329805,0.6553759287329805,0.7810700935854411,0.7810700935854411,1
T3_energy,153243770.79520103,182062100.31742364,14431472.0,119197648.0,0.10642580638573194,0.6553759154130382,0.6553759154130382,0.7810700935854411,0.7810700935854411,1
Fp2_delta_relative_power,0.7217129100443118,0.5950644297339621,0.7623425126075745,0.6277108788490295,-0.6011979853740386,0.3465467250257741,0.6534532749742259,0.329011524822695,0.670988475177305,0
C4_theta_relative_power,0.18926497906306164,0.12128147471230477,0.15513022243976593,0.086220383644104,-0.47640542887083875,0.3489178745634389,0.6510821254365611,0.29800025720164613,0.7019997427983539,0
Fp1_beta_relative_power,0.06272195664166405,0.1345340970053705,0.038585662841796875,0.08335791900753975,0.9383044309186005,0.6497457489403986,0.6497457489403986,0.7702310090702947,0.7702310090702947,1
O1_rms,401.79411177344207,498.1709743519688,177.81411743164062,375.55584716796875,0.22427451309151888,0.648688971354132,0.648688971354132,0.8312074829931974,0.8312074829931974,1
O1_energy,178425135.07711703,191871741.8243789,16188345.0,72249756.0,0.041842695044036746,0.648688971354132,0.648688971354132,0.8312074829931974,0.8312074829931974,1
C3_theta_relative_power,0.185331081634279,0.11927086951763599,0.15211808681488037,0.08903241902589798,-0.47278029941156946,0.352260021258628,0.647739978741372,0.3143562808728819,0.6856437191271181,0
Fp2_beta_relative_power,0.06511636565989559,0.14625476009497365,0.043149616569280624,0.08338059484958649,1.0406619616332318,0.6466621290063058,0.6466621290063058,0.7654397472155945,0.7654397472155945,1
O2_energy,263112638.16747254,279248541.23259145,34998944.0,262600336.0,0.021429286126154076,0.6309593555279093,0.6309593555279093,0.7445090174892908,0.7445090174892908,1
O2_rms,499.77967020272393,613.5933770405135,261.4523010253906,716.1615295410156,0.2230529653878331,0.6309593422079669,0.6309593422079669,0.7445090174892908,0.7445090174892908,1
T4_max,-27.133772719334303,107.41904584924508,80.2762680053711,237.94964599609375,0.24153871192926296,0.6286335870338353,0.6286335870338353,0.9338220164609053,0.9338220164609053,1
T4_theta_relative_power,0.17764513773767565,0.12276591528978174,0.14745227992534637,0.08853519707918167,-0.4107159866298054,0.3721367851519939,0.6278632148480061,0.3198816872427983,0.6801183127572017,0
T3_theta_relative_power,0.17752893094793049,0.12340333379885193,0.14498475193977356,0.09167711809277534,-0.4042228913305993,0.37239372683995026,0.6276062731600498,0.3352820294784581,0.6647179705215419,0
avg_theta_relative_power,0.16858942436370072,0.12661623259724816,0.15287154912948608,0.10529021918773651,-0.40258076709680346,0.3765459924289448,0.6234540075710552,0.32098765432098764,0.6790123456790124,0
C4_delta_relative_power,0.6685148933271213,0.7629325235879402,0.6989707946777344,0.7979771792888641,0.43340050483069037,0.6182911046760989,0.6182911046760989,0.7211735196753516,0.7211735196753516,1
Fp1_min,-63.99634273229721,-150.79015951246694,-39.8459587097168,-85.10894775390625,-0.19492228386565302,0.3833324764170421,0.616667523582958,0.13703411663143297,0.862965883368567,0
O1_max,-0.45683459872165394,156.4732743078106,51.93449401855469,183.4864730834961,0.25323921990176756,0.615742040668448,0.615742040668448,0.9492605452674897,0.9492605452674897,1
O1_theta_relative_power,0.1825676945086263,0.12559413271462036,0.14548276364803314,0.10134631022810936,-0.39907002010196224,0.3878416498613394,0.6121583501386606,0.3402777777777778,0.6597222222222222,0
C3_delta_relative_power,0.6726652198676529,0.7581694984862467,0.7059216499328613,0.7967039346694946,0.3967532101180208,0.6075051747976035,0.6075051747976035,0.6851429688008859,0.6851429688008859,1
C4_rms,480.9751502613023,580.4208039378814,480.9392395019531,668.6861572265625,0.27175808804819757,0.6011140666583196,0.6011140666583196,0.8157187724675521,0.8157187724675521,1
C4_energy,187678324.6792913,224617419.0934988,118426904.0,228936280.0,0.16684074042439137,0.6011140533383771,0.6011140533383771,0.8157187724675521,0.8157187724675521,1
O1_delta_relative_power,0.6435605900987749,0.7260079779377704,0.6729604601860046,0.7703059911727905,0.3545800995056058,0.5978391057523503,0.5978391057523503,0.6287323405880108,0.6287323405880108,1
O2_theta_relative_power,0.17210352752225946,0.12663961492364303,0.14007943868637085,0.10013758391141891,-0.34110571381776106,0.4051842547625454,0.5948157452374546,0.40488591269841273,0.5951140873015872,0
Fp2_min,-37.783758724462224,-116.2432547616937,-44.478599548339844,-113.21011352539062,-0.1883597614039282,0.40745188170825597,0.592548118291744,0.16051946462923058,0.8394805353707694,0
Fp2_std,73.40195395482307,76.2888743223868,47.97774124145508,58.50330924987793,0.0258073908069288,0.5888437624041963,0.5888437624041963,0.8459109042553191,0.8459109042553191,1
Fp2_variance,18248.832853248114,9886.505273703977,2301.86376953125,3422.63720703125,-0.04915301681272198,0.5888437624041963,0.5888437624041963,0.8459109042553192,0.8459109042553192,1
O2_delta_relative_power,0.6481987145331989,0.7200390888839193,0.678922712802887,0.7722872495651245,0.30900268817042204,0.5856532765726189,0.5856532765726189,0.5783761614058335,0.5783761614058335,1
T4_energy,156010949.86318034,162110097.67707497,30015452.0,30099308.0,0.021877128568248395,0.5851046814269387,0.5851046814269387,0.9119671454136651,0.9119671454136651,1
T4_rms,371.5783413352723,404.72635554040744,242.12379455566406,242.46173858642578,0.08133366900714549,0.5851046681069965,0.5851046681069965,0.9119671454136651,0.9119671454136651,1
avg_rms,411.43467617135826,468.36366270746066,445.5248718261719,503.7259979248047,0.1973948789980227,0.581085308902783,0.581085308902783,0.8118184907175734,0.8118184907175734,1
C4_mean,-209.48705486808845,-381.96051890224254,-9.54206657409668,-614.8399353027344,-0.31339016883736065,0.42479148962243296,0.575208510377567,0.5663085829665736,0.5663085829665736,0
C3_rms,596.6665900452567,687.3139944781827,599.3893432617188,649.6249694824219,0.19088586603287722,0.5741700210721489,0.5741700210721489,0.711209958916381,0.711209958916381,1
C3_energy,298585880.0553205,336579019.4694534,183944992.0,216070456.0,0.10457230238244823,0.5741700210721488,0.5741700210721488,0.711209958916381,0.711209958916381,1
T4_delta_relative_power,0.6721953968440785,0.7281844852510181,0.7007512450218201,0.7708989679813385,0.2594122961710587,0.5712601997458555,0.5712601997458555,0.6354706925968473,0.6354706925968473,1
Fp1_max,219.9692488631964,234.86398641204528,124.8443603515625,184.8949432373047,0.027377842786347806,0.5705346758059231,0.5705346758059231,0.8412262088477367,0.8412262088477367,1
avg_beta_relative_power,0.04983834995216977,0.07760180876956402,0.03947480767965317,0.04703869670629501,0.6121803862259384,0.5703566547763981,0.5703566547763981,0.7909332875418562,0.7909332875418562,1
avg_mean,-161.28050097596144,-256.09451728763355,-58.78117370605469,-350.80723571777344,-0.24226962028020796,0.4298676796926823,0.5701323203073176,0.558037235953607,0.558037235953607,0
Fp1_std,72.27184223580775,77.9786300153211,45.1511116027832,53.047794342041016,0.055910018560609384,0.5678293289146644,0.5678293289146644,0.8652742942175529,0.8652742942175529,1
Fp1_variance,15710.286357048923,14818.599809370624,2038.622802734375,2814.068603515625,-0.005861352697046388,0.567829315594722,0.567829315594722,0.8652742942175529,0.8652742942175529,1
Fp2_max,250.98065351432479,264.66449638868164,102.82879638671875,155.27236938476562,0.02593800075659003,0.5655236335737139,0.5655236335737139,0.8594005968201315,0.8594005968201315,1
O2_mean,-210.65102990909332,-380.242226098724,-14.754554748535156,-302.9618682861328,-0.25994489408135335,0.4344905921247173,0.5655094078752827,0.5455588214208904,0.5455588214208904,0
avg_energy,181317725.4902626,190823771.803959,139513440.0,189984712.0,0.044154378570599714,0.5649455480756679,0.5649455480756679,0.7661940505977203,0.7661940505977203,1
T3_max,-3.4762024604207538,81.17851622780587,74.64861297607422,141.84825134277344,0.1485394976731252,0.564879347962182,0.564879347962182,0.9517213356973996,0.9517213356973996,1
O2_max,4.214701321543053,65.98455148379519,53.089447021484375,39.422475814819336,0.07983647765229296,0.5641672105643127,0.5641672105643127,0.9237009941849559,0.9237009941849559,0
C3_max,-299.1396127919654,-196.44598900745967,-193.2178955078125,-215.23345947265625,0.15703562599340112,0.5600549580821415,0.5600549580821415,0.957291332079108,0.957291332079108,0
C3_mean,-472.24464108819893,-585.1187645611128,-346.3280944824219,-603.1317443847656,-0.1935331236038942,0.44000520809745935,0.5599947919025406,0.5521692721068046,0.5521692721068046,0
Fp1_theta_relative_power,0.12886516504306605,0.14436646096059869,0.09939413517713547,0.11814230307936668,0.13899488082834843,0.559597697781164,0.559597697781164,0.49018199233716475,0.5098180076628352,1
O1_alpha_relative_power,0.12982997562544746,0.08946859634330143,0.07410614937543869,0.05892517976462841,-0.28365705028676813,0.44139414508614006,0.55860585491386,0.546195210404552,0.546195210404552,0
O2_alpha_relative_power,0.13948492975685214,0.10012408836660128,0.07664582133293152,0.05905088782310486,-0.253760397926307,0.44277427759292654,0.5572257224070735,0.4918433931484502,0.5081566068515497,0
T3_delta_relative_power,0.6733564314910063,0.7179002540599303,0.7047094702720642,0.7690763175487518,0.20796794634799728,0.5552975275523008,0.5552975275523008,0.5585554255603357,0.5585554255603357,1
T4_mean,-202.18111643479466,-246.7925418687691,-5.864664554595947,-49.65051460266113,-0.0900312450935139,0.44510228383731554,0.5548977161626845,0.5410586868161048,0.5410586868161048,0
avg_max,14.492222008659708,90.16756749498116,31.077924728393555,-9.575875282287598,0.15530487698504217,0.5511402936248092,0.5511402936248092,0.9603332132442408,0.9603332132442408,0
T3_mean,-172.67584900048152,-287.8775668848378,-1.4645977020263672,-75.45988845825195,-0.22937753632529362,0.45778097752392927,0.5422190224760708,0.5690387661185619,0.5690387661185619,0
C4_alpha_relative_power,0.09894260562338035,0.0693809057881051,0.05525319650769234,0.04950215853750706,-0.2474467635023924,0.45857661764039886,0.5414233823596011,0.607809666729194,0.607809666729194,0
C4_beta_relative_power,0.04327752264583514,0.04640510258302459,0.028595058247447014,0.021163403056561947,0.06452648625695975,0.4670471019801426,0.5329528980198575,0.6431269854898256,0.6431269854898256,0
avg_delta_relative_power,0.6796235565256016,0.6994610143124674,0.6876823902130127,0.7218010723590851,0.10881766307320076,0.5294436260079867,0.5294436260079867,0.5366733445858901,0.5366733445858901,1
O2_beta_relative_power,0.040212826751383275,0.05319720750295694,0.024744341149926186,0.026087550446391106,0.2517283629984374,0.526636847755723,0.526636847755723,0.7481543261359774,0.7481543261359774,1
C3_alpha_relative_power,0.0979735417047646,0.07237358536249625,0.054436907172203064,0.049352655187249184,-0.21064468790315644,0.47374863137592343,0.5262513686240766,0.6152345475926668,0.6152345475926668,0
C3_beta_relative_power,0.044030156088159265,0.05018604066755806,0.03004837967455387,0.025130470283329487,0.12739759913119783,0.47631020280944225,0.5236897971905577,0.6343269799054374,0.6343269799054374,0
avg_alpha_relative_power,0.10194866975290838,0.09632094180637407,0.06953828036785126,0.07536694407463074,-0.053147079509324006,0.523381880083223,0.523381880083223,0.6649346589132745,0.6649346589132745,1
O1_mean,-201.1111853252398,-286.93063898602577,-44.0206413269043,-137.72382354736328,-0.1601362064978442,0.477397736142598,0.5226022638574019,0.5583193614061595,0.5583193614061595,0
T3_alpha_relative_power,0.09955392400762297,0.0923829882393907,0.05820785462856293,0.06316107138991356,-0.05891086357306349,0.5211154785722087,0.5211154785722087,0.6509893755140606,0.6509893755140606,1
Fp1_energy,112687822.2428925,77156030.65813719,8582416.0,5351890.75,-0.1330709096531645,0.48079019226004793,0.5192098077399521,0.6330246913580247,0.6330246913580247,0
Fp1_rms,286.7310540459286,229.99775229006335,129.47019958496094,102.2394790649414,-0.15367016060239713,0.4807902055799903,0.5192097944200097,0.633027906378601,0.633027906378601,0
C4_max,-29.020403870496015,7.202659819862084,56.16933059692383,-134.15174865722656,0.05981779375854916,0.5179634074543726,0.5179634074543726,0.9490187814809025,0.9490187814809025,0
Fp2_rms,277.49309097939295,242.1332504668803,160.6747283935547,89.85237884521484,-0.10274142461564709,0.5124951049211859,0.5124951049211859,0.6710310760957918,0.6710310760957918,0
Fp2_energy,100797283.11546229,72945225.8386097,13217980.0,4133657.25,-0.11744383156651937,0.5124950916012435,0.5124950916012435,0.6710310760957918,0.6710310760957918,0
Fp2_mean,104.09873848110706,80.0713005710537,1.790331244468689,-0.6284108459949493,-0.058946871467060895,0.48963645881340634,0.5103635411865937,0.48576942966903075,0.5142305703309693,0
Fp2_theta_relative_power,0.13540887839686708,0.12960805942138232,0.10502776503562927,0.10257093608379364,-0.05070260659903298,0.510285406404761,0.510285406404761,0.5129322562358276,0.5129322562358276,0
T3_beta_relative_power,0.04956071508115005,0.06631342341763662,0.03416671231389046,0.03183474391698837,0.304997637193667,0.5091156623874132,0.5091156623874132,0.6585103108648814,0.6585103108648814,0
T4_beta_relative_power,0.04974551547519288,0.06499454524741251,0.034340787678956985,0.028661686927080154,0.27065517389385924,0.4943372662683116,0.5056627337316884,0.6514123808706105,0.6514123808706105,0
Fp1_mean,74.00813014614164,40.094818693594675,14.528468132019043,22.375463485717773,-0.0765322670342434,0.5049630637998599,0.5049630637998599,0.5244984567901234,0.5244984567901234,1
T4_alpha_relative_power,0.10041394929041944,0.08405505128923903,0.05856136977672577,0.060557665303349495,-0.1396385251744967,0.49605941493485217,0.5039405850651478,0.6128616811196016,0.6128616811196016,1
O1_beta_relative_power,0.044041741431889686,0.058929293513086727,0.02712138369679451,0.023394575342535973,0.26395918175771366,0.5031267365874841,0.5031267365874841,0.7355655599324704,0.7355655599324704,0
