feature_1,feature_2,correlation,absolute_correlation
F7_variance,F7_energy,0.9999839257409932,0.9999839257409932
F8_std,F8_rms,0.9999814915187177,0.9999814915187177
F3_variance,F3_energy,0.9999751958848052,0.9999751958848052
O2_variance,O2_energy,0.9999721325562179,0.9999721325562179
F7_std,F7_rms,0.9999706582563013,0.9999706582563013
F3_std,F3_rms,0.9999688685834205,0.9999688685834205
F4_variance,F4_energy,0.9999687968059273,0.9999687968059273
P4_variance,P4_energy,0.9999671339845047,0.9999671339845047
Cz_variance,Cz_energy,0.9999669595977114,0.9999669595977114
Fp1_variance,Fp1_energy,0.9999668333594628,0.9999668333594628
T4_variance,T4_energy,0.999966819925977,0.999966819925977
P3_variance,P3_energy,0.9999659281386605,0.9999659281386605
T5_variance,T5_energy,0.9999659005481519,0.9999659005481519
avg_variance,avg_energy,0.9999650833124939,0.9999650833124939
T3_variance,T3_energy,0.9999650061931052,0.9999650061931052
avg_std,avg_rms,0.9999645904228069,0.9999645904228069
C4_variance,C4_energy,0.9999641248724456,0.9999641248724456
T6_variance,T6_energy,0.9999634960823912,0.9999634960823912
Cz_std,Cz_rms,0.9999629764558671,0.9999629764558671
Pz_variance,Pz_energy,0.9999621073022257,0.9999621073022257
T6_std,T6_rms,0.9999619169788448,0.9999619169788448
T3_std,T3_rms,0.9999616947064974,0.9999616947064974
F8_variance,F8_energy,0.9999615858399621,0.9999615858399621
P3_std,P3_rms,0.9999615567530683,0.9999615567530683
F4_std,F4_rms,0.9999615234432009,0.9999615234432009
T4_std,T4_rms,0.9999612932930256,0.9999612932930256
C4_std,C4_rms,0.9999611786823679,0.9999611786823679
C3_variance,C3_energy,0.9999611092792938,0.9999611092792938
O1_variance,O1_energy,0.999960907693257,0.999960907693257
P4_std,P4_rms,0.9999607171090628,0.9999607171090628
T5_std,T5_rms,0.9999599125244124,0.9999599125244124
C3_std,C3_rms,0.9999594305392671,0.9999594305392671
O1_std,O1_rms,0.9999572225647378,0.9999572225647378
Pz_std,Pz_rms,0.9999562808889059,0.9999562808889059
Fp1_std,Fp1_rms,0.9999549644462454,0.9999549644462454
O2_std,O2_rms,0.999953662894288,0.999953662894288
Fp2_std,Fp2_rms,0.9999434868279543,0.9999434868279543
Fz_std,Fz_rms,0.9999428317596858,0.9999428317596858
Fp2_variance,Fp2_energy,0.99993312421431,0.99993312421431
Fz_variance,Fz_energy,0.9999039284956595,0.9999039284956595
T3_delta_power,P3_delta_power,0.9980493238391744,0.9980493238391744
T5_variance,T3_energy,0.9978615147286487,0.9978615147286487
T3_variance,T5_variance,0.9978437563083615,0.9978437563083615
T3_energy,T5_energy,0.9978374416466104,0.9978374416466104
T3_delta_power,T5_delta_power,0.9978358723620131,0.9978358723620131
T3_variance,T5_energy,0.9977511818868119,0.9977511818868119
T3_variance,O1_variance,0.9973579884715527,0.9973579884715527
T3_energy,O1_energy,0.9973340146544354,0.9973340146544354
O1_variance,T3_energy,0.9973188062072093,0.9973188062072093
T3_variance,O1_energy,0.9973008326946714,0.9973008326946714
T3_energy,P3_energy,0.9971865402995542,0.9971865402995542
T3_variance,P3_variance,0.9971788060190075,0.9971788060190075
P3_variance,T3_energy,0.9971539587800805,0.9971539587800805
T3_variance,P3_energy,0.9971426810604322,0.9971426810604322
T3_delta_power,O1_delta_power,0.9970741327011813,0.9970741327011813
T3_energy,C4_energy,0.9970263888204924,0.9970263888204924
T3_variance,C4_variance,0.9970243665541292,0.9970243665541292
C4_variance,T3_energy,0.9970033512520827,0.9970033512520827
T3_variance,C4_energy,0.9969770167088434,0.9969770167088434
P3_delta_power,P4_delta_power,0.9962363317589132,0.9962363317589132
T5_delta_power,P3_delta_power,0.9959733025074393,0.9959733025074393
T5_delta_power,P4_delta_power,0.9959537472037363,0.9959537472037363
T3_theta_power,O1_theta_power,0.9957717711586394,0.9957717711586394
T5_variance,O1_variance,0.9957702872887415,0.9957702872887415
T5_variance,O1_energy,0.9957684138634401,0.9957684138634401
T5_energy,O1_energy,0.9957485103822233,0.9957485103822233
T3_delta_power,C4_delta_power,0.9957077618887941,0.9957077618887941
O1_variance,T5_energy,0.9956796685440918,0.9956796685440918
P3_energy,P4_energy,0.9956356716820837,0.9956356716820837
P4_variance,P3_energy,0.9956315213344068,0.9956315213344068
P3_theta_power,O1_theta_power,0.9956309619317779,0.9956309619317779
P3_variance,P4_variance,0.9956195172467487,0.9956195172467487
P3_variance,P4_energy,0.9955575405057442,0.9955575405057442
C4_variance,O1_variance,0.9950792305613494,0.9950792305613494
C4_energy,O1_energy,0.9950610407315997,0.9950610407315997
C4_variance,O1_energy,0.9950374323544833,0.9950374323544833
O1_variance,C4_energy,0.995029596665614,0.995029596665614
Fp1_delta_power,T5_delta_power,0.9949361911428286,0.9949361911428286
Fp1_delta_power,T3_delta_power,0.9949000155885448,0.9949000155885448
T3_delta_power,P4_delta_power,0.9948079303302515,0.9948079303302515
T5_variance,C4_energy,0.9947926272169901,0.9947926272169901
C4_energy,T5_energy,0.9947922971122554,0.9947922971122554
C4_variance,T5_variance,0.9947816922488307,0.9947816922488307
C4_variance,T5_energy,0.9947123348501516,0.9947123348501516
T5_delta_power,O1_delta_power,0.9946201798137886,0.9946201798137886
P3_delta_power,O1_delta_power,0.9945639332037293,0.9945639332037293
T5_variance,P3_energy,0.9944319207235003,0.9944319207235003
T5_variance,P3_variance,0.994414486170023,0.994414486170023
T5_energy,P3_energy,0.9943951949358295,0.9943951949358295
P3_variance,T5_energy,0.9943100192370855,0.9943100192370855
Fp1_energy,T3_energy,0.9942673942430665,0.9942673942430665
Fp1_variance,T3_variance,0.9942586792295578,0.9942586792295578
Fp1_variance,T3_energy,0.9942518348528623,0.9942518348528623
P3_variance,O1_variance,0.9942167693559015,0.9942167693559015
T3_variance,Fp1_energy,0.9942084104738971,0.9942084104738971
C4_delta_power,T5_delta_power,0.9942062418506699,0.9942062418506699
P3_energy,O1_energy,0.9941909010838823,0.9941909010838823
O1_variance,P3_energy,0.9941773345892225,0.9941773345892225
P3_variance,O1_energy,0.9941597289686055,0.9941597289686055
T5_variance,P4_variance,0.9938564371704416,0.9938564371704416
T5_energy,P4_energy,0.9938519486290592,0.9938519486290592
T5_variance,P4_energy,0.9938452013629231,0.9938452013629231
P4_variance,T5_energy,0.9937971955437487,0.9937971955437487
T3_energy,P4_energy,0.9937791005428058,0.9937791005428058
P4_variance,T3_energy,0.9937727696097886,0.9937727696097886
T3_variance,P4_variance,0.9937448145744816,0.9937448145744816
T3_variance,P4_energy,0.9936848223266732,0.9936848223266732
C4_delta_power,O1_delta_power,0.9935751392652029,0.9935751392652029
T3_theta_power,P3_theta_power,0.9935359493527631,0.9935359493527631
Fp1_energy,T5_energy,0.9934619140736658,0.9934619140736658
T5_variance,Fp1_energy,0.9934489835167515,0.9934489835167515
Fp1_variance,T5_variance,0.9934375303517587,0.9934375303517587
Fp1_variance,T5_energy,0.9933846262237834,0.9933846262237834
T3_delta_power,T4_delta_power,0.9933233254667532,0.9933233254667532
Fp1_delta_power,P3_delta_power,0.993086946942351,0.993086946942351
T4_delta_power,T5_delta_power,0.9930758139886018,0.9930758139886018
C4_energy,P3_energy,0.9930528517499814,0.9930528517499814
C4_variance,P3_variance,0.993047009742935,0.993047009742935
C4_variance,P3_energy,0.9930259432518717,0.9930259432518717
T3_rms,T5_rms,0.9930157517591892,0.9930157517591892
T5_theta_power,O1_theta_power,0.9930119864738711,0.9930119864738711
T3_std,T5_std,0.9930109173494029,0.9930109173494029
P3_variance,C4_energy,0.9930049613446309,0.9930049613446309
T5_std,T3_rms,0.9929819665033485,0.9929819665033485
T3_std,T5_rms,0.99296810308286,0.99296810308286
P3_alpha_power,O1_alpha_power,0.9927017945126198,0.9927017945126198
T5_theta_power,P3_theta_power,0.9925399432339004,0.9925399432339004
T3_alpha_power,T4_alpha_power,0.9924306517510462,0.9924306517510462
C4_delta_power,P3_delta_power,0.9923315635919318,0.9923315635919318
Fp1_delta_power,T4_delta_power,0.9923096371759448,0.9923096371759448
Fp1_energy,C4_energy,0.9920822416372598,0.9920822416372598
Fp1_variance,C4_variance,0.9920680374386514,0.9920680374386514
Fp1_variance,C4_energy,0.992047645480585,0.992047645480585
C4_variance,Fp1_energy,0.9920364439539431,0.9920364439539431
T3_variance,T4_variance,0.9919798761303195,0.9919798761303195
T4_variance,T3_energy,0.9919542731364032,0.9919542731364032
T3_energy,T4_energy,0.9919077670209475,0.9919077670209475
T3_variance,T4_energy,0.9918678438228493,0.9918678438228493
T4_delta_power,P3_delta_power,0.9918210241737411,0.9918210241737411
T3_amplitude,T5_amplitude,0.9915016567599184,0.9915016567599184
Fp1_delta_power,P4_delta_power,0.9914596572500277,0.9914596572500277
T4_delta_power,P4_delta_power,0.9914073705288695,0.9914073705288695
T5_theta_power,P4_theta_power,0.9911745349735676,0.9911745349735676
T4_variance,T5_variance,0.9910727224610704,0.9910727224610704
T5_variance,T4_energy,0.9910104368654828,0.9910104368654828
T4_energy,T5_energy,0.9909896959677091,0.9909896959677091
T4_variance,T5_energy,0.9909871255751368,0.9909871255751368
T3_theta_power,T5_theta_power,0.9908252727203982,0.9908252727203982
T3_theta_power,T4_theta_power,0.9907849488001798,0.9907849488001798
T3_max,T5_max,0.990633678274349,0.990633678274349
Fp1_delta_power,C4_delta_power,0.9905035432190189,0.9905035432190189
C4_delta_power,T4_delta_power,0.990273143621174,0.990273143621174
Fp1_theta_power,C4_theta_power,0.9901004146029062,0.9901004146029062
C4_delta_power,P4_delta_power,0.9900938094407049,0.9900938094407049
C4_energy,P4_energy,0.9899586214115844,0.9899586214115844
P3_theta_power,P4_theta_power,0.9899377356391041,0.9899377356391041
P4_variance,C4_energy,0.9899356406256765,0.9899356406256765
P4_delta_power,O1_delta_power,0.9899247688380548,0.9899247688380548
C4_variance,P4_variance,0.9899232506897369,0.9899232506897369
C4_variance,P4_energy,0.989879824741934,0.989879824741934
C4_variance,T4_variance,0.989875856057911,0.989875856057911
Fp1_variance,T4_variance,0.9898567734751678,0.9898567734751678
T4_variance,C4_energy,0.9898415379468258,0.9898415379468258
P4_energy,O1_energy,0.989839818687807,0.989839818687807
P4_variance,O1_variance,0.9898387702113862,0.9898387702113862
P4_variance,O1_energy,0.9898359149627529,0.9898359149627529
T4_variance,Fp1_energy,0.9898095419267658,0.9898095419267658
C4_energy,T4_energy,0.9898068504988132,0.9898068504988132
Fp1_energy,T4_energy,0.9897833252900912,0.9897833252900912
O1_variance,P4_energy,0.9897753997450062,0.9897753997450062
C4_variance,T4_energy,0.9897751914575347,0.9897751914575347
Fp1_variance,T4_energy,0.9897673100193906,0.9897673100193906
Fp1_energy,P3_energy,0.9897417660213572,0.9897417660213572
Fp1_variance,P3_variance,0.9897311154256505,0.9897311154256505
Fp1_variance,P3_energy,0.9897276527796207,0.9897276527796207
P3_variance,Fp1_energy,0.9896796592843747,0.9896796592843747
T4_variance,P3_variance,0.9894339329330392,0.9894339329330392
T3_alpha_power,O1_alpha_power,0.9894236636881976,0.9894236636881976
T4_variance,P3_energy,0.9894068999602206,0.9894068999602206
T4_energy,P3_energy,0.9893665398172043,0.9893665398172043
P3_variance,T4_energy,0.9893286960980476,0.9893286960980476
Fp1_energy,O1_energy,0.988984571506873,0.988984571506873
Fp1_variance,O1_variance,0.9889736535214607,0.9889736535214607
Fp1_variance,O1_energy,0.9889573723055676,0.9889573723055676
O1_variance,Fp1_energy,0.9889340926334069,0.9889340926334069
T4_delta_power,O1_delta_power,0.9889278042125245,0.9889278042125245
Fp1_delta_power,O1_delta_power,0.988889711381496,0.988889711381496
T3_theta_power,C4_theta_power,0.9887995601141406,0.9887995601141406
T4_variance,P4_variance,0.9886304602312809,0.9886304602312809
T4_energy,P4_energy,0.9885892894168048,0.9885892894168048
T4_variance,P4_energy,0.9885848305113245,0.9885848305113245
P4_variance,T4_energy,0.9885715861223077,0.9885715861223077
T4_variance,O1_variance,0.9882145882299417,0.9882145882299417
T4_variance,O1_energy,0.9881663364520504,0.9881663364520504
T4_energy,O1_energy,0.9881172665570613,0.9881172665570613
O1_variance,T4_energy,0.9880983865545478,0.9880983865545478
T3_beta_power,T4_beta_power,0.9877274015443986,0.9877274015443986
T3_std,C4_rms,0.9875483207306242,0.9875483207306242
T3_rms,C4_rms,0.9875238180030188,0.9875238180030188
T3_std,C4_std,0.9874842529768664,0.9874842529768664
C4_std,T3_rms,0.9873855019093727,0.9873855019093727
Fp1_energy,P4_energy,0.9870132731775495,0.9870132731775495
Fp1_theta_power,T3_theta_power,0.9869928328326099,0.9869928328326099
Fp1_variance,P4_variance,0.9869840529440831,0.9869840529440831
P4_variance,Fp1_energy,0.9869816677848995,0.9869816677848995
Fp1_variance,P4_energy,0.986951028806107,0.986951028806107
C4_theta_power,T4_theta_power,0.9861458489189354,0.9861458489189354
T5_alpha_power,P4_alpha_power,0.9860996090448956,0.9860996090448956
T3_min,T5_min,0.9859500862469024,0.9859500862469024
T3_std,P3_rms,0.9858389846779424,0.9858389846779424
T3_rms,P3_rms,0.9857986772780613,0.9857986772780613
T3_std,P3_std,0.9857802777269137,0.9857802777269137
T5_std,P3_rms,0.9856897420019929,0.9856897420019929
P3_std,T3_rms,0.9856657054787703,0.9856657054787703
T5_std,P3_std,0.9856337523482521,0.9856337523482521
T5_rms,P3_rms,0.9856225386423297,0.9856225386423297
Fp1_alpha_power,C4_alpha_power,0.9855854990809823,0.9855854990809823
P3_std,T5_rms,0.9854909818872905,0.9854909818872905
T3_min,C3_min,0.985330789592732,0.985330789592732
T4_theta_power,O1_theta_power,0.9851401864753055,0.9851401864753055
P4_theta_power,O1_theta_power,0.985111925100745,0.985111925100745
T5_delta_power,Pz_delta_power,0.9846688031009065,0.9846688031009065
T3_delta_power,T6_delta_power,0.9846520634178182,0.9846520634178182
P3_alpha_power,P4_alpha_power,0.9844729834829388,0.9844729834829388
T3_amplitude,P3_amplitude,0.9843455315339813,0.9843455315339813
T5_theta_power,T6_theta_power,0.9843071405488908,0.9843071405488908
T5_amplitude,P3_amplitude,0.9842223044443106,0.9842223044443106
Fp1_theta_power,T4_theta_power,0.984192378712506,0.984192378712506
T3_max,P3_max,0.9840702918788115,0.9840702918788115
T5_variance,Pz_variance,0.9839953464905866,0.9839953464905866
T3_max,avg_max,0.9839876339116755,0.9839876339116755
T5_delta_power,T6_delta_power,0.9839722676222248,0.9839722676222248
Pz_variance,T5_energy,0.9839222131944285,0.9839222131944285
T3_max,C4_max,0.9839035243851377,0.9839035243851377
T3_amplitude,C4_amplitude,0.9838602325966506,0.9838602325966506
C3_variance,T5_variance,0.9837738747498269,0.9837738747498269
T5_variance,Pz_energy,0.9837738262890764,0.9837738262890764
T5_energy,Pz_energy,0.9837650006172884,0.9837650006172884
C3_variance,T5_energy,0.9837184074549252,0.9837184074549252
Fp1_delta_power,Pz_delta_power,0.9836646156136665,0.9836646156136665
C3_energy,T5_energy,0.9836149459657183,0.9836149459657183
T5_variance,C3_energy,0.983603256304513,0.983603256304513
T3_std,C3_std,0.983525169531803,0.983525169531803
C3_std,T3_rms,0.9834491363511397,0.9834491363511397
T3_std,C3_rms,0.9834467684057129,0.9834467684057129
T3_rms,C3_rms,0.9834446619530408,0.9834446619530408
Pz_delta_power,P4_delta_power,0.9833310812067312,0.9833310812067312
T4_std,C4_rms,0.9832926933943861,0.9832926933943861
T3_alpha_power,P3_alpha_power,0.9832565569058335,0.9832565569058335
C4_rms,T4_rms,0.9832034533114753,0.9832034533114753
C4_std,T4_std,0.983182462395779,0.983182462395779
T5_alpha_power,P3_alpha_power,0.9831047799597653,0.9831047799597653
T5_alpha_power,T6_alpha_power,0.9830709959953375,0.9830709959953375
C3_variance,T3_energy,0.9830648711810936,0.9830648711810936
T3_variance,C3_variance,0.9830614124336446,0.9830614124336446
C4_std,T4_rms,0.983020161817203,0.983020161817203
P3_beta_power,P4_beta_power,0.9829861193475454,0.9829861193475454
T3_energy,C3_energy,0.9829120490579301,0.9829120490579301
T6_variance,T3_energy,0.9829060275964577,0.9829060275964577
T3_variance,T6_variance,0.9828850906676244,0.9828850906676244
P3_delta_power,Pz_delta_power,0.9828644299634002,0.9828644299634002
T3_variance,C3_energy,0.9828402570374272,0.9828402570374272
T3_delta_power,Pz_delta_power,0.9828326577663432,0.9828326577663432
T3_amplitude,avg_amplitude,0.9827772622344191,0.9827772622344191
T3_energy,T6_energy,0.9827340299437198,0.9827340299437198
T5_variance,T6_variance,0.9826941850581663,0.9826941850581663
T6_variance,T5_energy,0.982663683833776,0.982663683833776
T3_variance,T6_energy,0.9826450911636622,0.9826450911636622
T5_energy,T6_energy,0.9825434224049445,0.9825434224049445
T6_delta_power,O1_delta_power,0.9825323613373322,0.9825323613373322
T5_variance,T6_energy,0.9825072038321304,0.9825072038321304
C4_rms,P3_rms,0.9823955629512272,0.9823955629512272
C4_std,P3_std,0.9823814073390945,0.9823814073390945
C4_std,P3_rms,0.9823553073831729,0.9823553073831729
P3_std,C4_rms,0.9823482289174157,0.9823482289174157
T3_variance,Pz_variance,0.9822823388664662,0.9822823388664662
Pz_variance,T3_energy,0.982259518740611,0.982259518740611
P3_delta_power,T6_delta_power,0.9822230366723455,0.9822230366723455
P3_std,P4_std,0.9821598886546363,0.9821598886546363
P3_rms,P4_rms,0.9821503132927901,0.9821503132927901
P4_std,P3_rms,0.9821348036786292,0.9821348036786292
P3_std,P4_rms,0.9821022739189161,0.9821022739189161
T5_std,C4_rms,0.9820989247808161,0.9820989247808161
C4_rms,T5_rms,0.9820744017313378,0.9820744017313378
T3_energy,Pz_energy,0.9820468876939675,0.9820468876939675
T5_max,P3_max,0.9820230815458426,0.9820230815458426
C4_std,T5_std,0.9820226928237398,0.9820226928237398
T3_variance,Pz_energy,0.9820055302149291,0.9820055302149291
T4_delta_power,T6_delta_power,0.9819507145138897,0.9819507145138897
C4_std,T5_rms,0.981922934244128,0.981922934244128
T3_mean,T5_mean,0.9817411137612633,0.9817411137612633
T3_beta_power,T5_beta_power,0.9816289596787385,0.9816289596787385
T5_min,P3_min,0.981591446391737,0.981591446391737
C4_delta_power,T6_delta_power,0.9815610478844411,0.9815610478844411
T6_theta_power,O1_theta_power,0.9814439089405053,0.9814439089405053
C3_variance,P3_variance,0.9813303370430504,0.9813303370430504
C3_variance,P3_energy,0.981329013002059,0.981329013002059
T3_amplitude,C3_amplitude,0.9812014168826376,0.9812014168826376
T6_variance,O1_variance,0.9811945454676532,0.9811945454676532
T6_variance,O1_energy,0.9811892434332693,0.9811892434332693
C3_energy,P3_energy,0.9811744331989605,0.9811744331989605
Fp1_variance,Pz_variance,0.9811669423871211,0.9811669423871211
P4_delta_power,T6_delta_power,0.981142141324502,0.981142141324502
Pz_variance,Fp1_energy,0.9811407984779904,0.9811407984779904
P3_variance,C3_energy,0.9811084119228992,0.9811084119228992
T6_energy,O1_energy,0.981016967853337,0.981016967853337
O1_variance,T6_energy,0.9809516810416459,0.9809516810416459
Fp1_energy,Pz_energy,0.980950046844294,0.980950046844294
Fp1_variance,Pz_energy,0.9809127855692933,0.9809127855692933
P3_variance,Pz_variance,0.9808293793155229,0.9808293793155229
Pz_variance,P3_energy,0.9808005533657064,0.9808005533657064
C3_variance,O1_variance,0.9807485793334291,0.9807485793334291
C3_variance,O1_energy,0.9807291207641268,0.9807291207641268
Pz_variance,O1_variance,0.9806758484518966,0.9806758484518966
C4_max,avg_max,0.9806726155112783,0.9806726155112783
Pz_variance,O1_energy,0.9806493163784057,0.9806493163784057
avg_std,T3_rms,0.9806267848923726,0.9806267848923726
C3_variance,P4_variance,0.9806185350487134,0.9806185350487134
P3_energy,Pz_energy,0.9805965496530155,0.9805965496530155
C3_variance,P4_energy,0.980591303297791,0.980591303297791
C4_alpha_power,T4_alpha_power,0.9805910723027886,0.9805910723027886
C3_energy,O1_energy,0.9805718355490055,0.9805718355490055
P3_variance,Pz_energy,0.9805612476212844,0.9805612476212844
T4_theta_power,T5_theta_power,0.980549411786671,0.980549411786671
O1_variance,C3_energy,0.9805208494750798,0.9805208494750798
T3_std,avg_std,0.9805134905435077,0.9805134905435077
T3_rms,avg_rms,0.9805124146633203,0.9805124146633203
T4_theta_power,P3_theta_power,0.9805102082305305,0.9805102082305305
C3_energy,P4_energy,0.9804841445840679,0.9804841445840679
Pz_variance,P4_variance,0.9804720392886853,0.9804720392886853
Pz_energy,O1_energy,0.9804703038811453,0.9804703038811453
P4_variance,C3_energy,0.9804460389864113,0.9804460389864113
T4_delta_power,Pz_delta_power,0.9804332813927653,0.9804332813927653
O1_variance,Pz_energy,0.9804316113555227,0.9804316113555227
Pz_variance,P4_energy,0.980429955000685,0.980429955000685
T3_std,avg_rms,0.9803278837713959,0.9803278837713959
T4_std,T3_rms,0.9803159819572431,0.9803159819572431
T3_rms,T4_rms,0.9803021305399724,0.9803021305399724
T3_std,T4_std,0.9802866726236351,0.9802866726236351
C4_max,T4_max,0.9802858828662172,0.9802858828662172
Pz_energy,P4_energy,0.9802609449149872,0.9802609449149872
Cz_variance,T5_variance,0.9802509594608142,0.9802509594608142
C4_amplitude,T4_amplitude,0.9802485883269559,0.9802485883269559
P4_variance,Pz_energy,0.9802393930713252,0.9802393930713252
C4_variance,Pz_variance,0.9802125614319774,0.9802125614319774
C3_alpha_power,P4_alpha_power,0.9802068002526434,0.9802068002526434
T3_std,T4_rms,0.9802015150053998,0.9802015150053998
T4_alpha_power,O1_alpha_power,0.9801867012901679,0.9801867012901679
Pz_variance,C4_energy,0.9801763051196325,0.9801763051196325
C4_rms,P4_rms,0.980170534771262,0.980170534771262
T6_variance,C4_energy,0.9801699200272865,0.9801699200272865
C4_std,P4_std,0.980159160852161,0.980159160852161
C4_variance,T6_variance,0.9801579020125941,0.9801579020125941
Cz_variance,T5_energy,0.9801435833597202,0.9801435833597202
P4_std,C4_rms,0.9801402268705831,0.9801402268705831
C4_std,P4_rms,0.9801159697401552,0.9801159697401552
C4_energy,T6_energy,0.9800198885775724,0.9800198885775724
T5_variance,Cz_energy,0.9799971387389397,0.9799971387389397
C3_min,P3_min,0.9799829405906211,0.9799829405906211
C4_energy,Pz_energy,0.9799790000935398,0.9799790000935398
Cz_energy,T5_energy,0.97995205695658,0.97995205695658
C4_variance,Pz_energy,0.9799508837597621,0.9799508837597621
C4_variance,T6_energy,0.9799393712472698,0.9799393712472698
T4_variance,T6_variance,0.9798963069912761,0.9798963069912761
T6_variance,T4_energy,0.9798785340624494,0.9798785340624494
T6_variance,P3_energy,0.9798782815777023,0.9798782815777023
P3_variance,T6_variance,0.9798575913022701,0.9798575913022701
C4_theta_power,O1_theta_power,0.9798561024492546,0.9798561024492546
T3_theta_power,P4_theta_power,0.9798280555394604,0.9798280555394604
T4_energy,T6_energy,0.9797253908665686,0.9797253908665686
T5_alpha_power,O1_alpha_power,0.9797069616130436,0.9797069616130436
P3_energy,T6_energy,0.9796972940273773,0.9796972940273773
T4_variance,T6_energy,0.979678876271086,0.979678876271086
T5_max,avg_max,0.9796451136326217,0.9796451136326217
P3_variance,T6_energy,0.9796098209483944,0.9796098209483944
P3_amplitude,P4_amplitude,0.9795531677579912,0.9795531677579912
Cz_delta_power,T5_delta_power,0.9794852022728342,0.9794852022728342
T6_alpha_power,O1_alpha_power,0.9794851600584203,0.9794851600584203
C3_variance,C4_variance,0.9794838933961851,0.9794838933961851
C3_variance,C4_energy,0.9794802489750806,0.9794802489750806
T3_theta_power,T6_theta_power,0.9793542947852989,0.9793542947852989
C3_energy,C4_energy,0.9793484009664829,0.9793484009664829
C4_variance,C3_energy,0.9792834437309105,0.9792834437309105
T3_beta_power,P3_beta_power,0.979264625156091,0.979264625156091
Pz_delta_power,O1_delta_power,0.9791851463488072,0.9791851463488072
C4_delta_power,Pz_delta_power,0.9789958488503464,0.9789958488503464
Fp1_delta_power,Cz_delta_power,0.9789709294326099,0.9789709294326099
T6_variance,P4_energy,0.9789690473018479,0.9789690473018479
P4_variance,T6_variance,0.9789686639983719,0.9789686639983719
Cz_delta_power,P3_delta_power,0.9789610202046025,0.9789610202046025
C3_std,C4_rms,0.9789488143681082,0.9789488143681082
C3_std,C4_std,0.9789357430107535,0.9789357430107535
T3_amplitude,T4_amplitude,0.9788888440514255,0.9788888440514255
T3_delta_power,Cz_delta_power,0.9788789032664685,0.9788789032664685
C3_rms,C4_rms,0.9788649340960692,0.9788649340960692
P4_energy,T6_energy,0.9788424295568025,0.9788424295568025
Fp1_delta_power,T6_delta_power,0.9788051310357747,0.9788051310357747
C4_std,C3_rms,0.9787790181923652,0.9787790181923652
P4_variance,T6_energy,0.9787775736703348,0.9787775736703348
C3_min,T5_min,0.9787549096114679,0.9787549096114679
P3_theta_power,T6_theta_power,0.9787347552761937,0.9787347552761937
C4_amplitude,avg_amplitude,0.9787235743931006,0.9787235743931006
T3_min,avg_min,0.9787011498899229,0.9787011498899229
Cz_delta_power,P4_delta_power,0.9786381977338916,0.9786381977338916
T5_beta_power,P3_beta_power,0.97858601240818,0.97858601240818
T3_min,P3_min,0.9785724438084797,0.9785724438084797
C4_max,P3_max,0.978529004573039,0.978529004573039
T4_max,avg_max,0.9785049073137,0.9785049073137
P4_theta_power,T6_theta_power,0.9784956832957231,0.9784956832957231
T5_amplitude,avg_amplitude,0.9784384371721931,0.9784384371721931
Fz_amplitude,Fz_rms,0.978395055496759,0.978395055496759
Fz_std,Fz_amplitude,0.978260568107511,0.978260568107511
C4_amplitude,P3_amplitude,0.9782269951379401,0.9782269951379401
T4_variance,Pz_variance,0.9780958318538314,0.9780958318538314
T3_variance,Cz_variance,0.9780628111419641,0.9780628111419641
Cz_variance,T3_energy,0.9780295691010458,0.9780295691010458
C3_std,T5_std,0.9780205352222846,0.9780205352222846
P3_std,O1_std,0.9779993313615112,0.9779993313615112
Pz_variance,T4_energy,0.977993848221125,0.977993848221125
T5_std,C3_rms,0.9779522794048198,0.9779522794048198
C3_rms,T5_rms,0.9779510414753857,0.9779510414753857
C3_std,T5_rms,0.9779452429729966,0.9779452429729966
O1_std,P3_rms,0.9779266305080933,0.9779266305080933
P3_alpha_power,T6_alpha_power,0.9778996387580485,0.9778996387580485
P3_rms,O1_rms,0.9778771012026249,0.9778771012026249
P3_std,O1_rms,0.9778755309153169,0.9778755309153169
Cz_variance,P4_variance,0.9778537835035838,0.9778537835035838
T4_variance,Pz_energy,0.9778233288780334,0.9778233288780334
C3_alpha_power,T5_alpha_power,0.9777895213541465,0.9777895213541465
T4_energy,Pz_energy,0.977782957503031,0.977782957503031
Cz_variance,P4_energy,0.9777752688535793,0.9777752688535793
T3_energy,Cz_energy,0.9777679122465891,0.9777679122465891
T3_variance,Cz_energy,0.9777387242886997,0.9777387242886997
T3_max,T4_max,0.9776999881918469,0.9776999881918469
C3_std,P3_rms,0.9775957150689942,0.9775957150689942
C3_std,P3_std,0.977585775932183,0.977585775932183
P4_variance,Cz_energy,0.9775834700864006,0.9775834700864006
Cz_energy,P4_energy,0.9775666915385216,0.9775666915385216
C3_rms,P3_rms,0.9774951071604204,0.9774951071604204
P3_std,C3_rms,0.9774123157472864,0.9774123157472864
P3_max,avg_max,0.9773860498275826,0.9773860498275826
avg_std,T5_rms,0.977338718903246,0.977338718903246
T4_amplitude,avg_amplitude,0.9773046814334632,0.9773046814334632
T5_std,avg_std,0.9772319239510255,0.9772319239510255
T5_rms,avg_rms,0.9772293690522513,0.9772293690522513
T4_std,T5_rms,0.9771817345139573,0.9771817345139573
T4_rms,T5_rms,0.9771733243392223,0.9771733243392223
T4_std,T5_std,0.9771621406733935,0.9771621406733935
T5_std,T4_rms,0.9770811869179854,0.9770811869179854
T5_std,avg_rms,0.9770501531924651,0.9770501531924651
C4_amplitude,T5_amplitude,0.9769920499602702,0.9769920499602702
Fp1_variance,C3_variance,0.9768515495392011,0.9768515495392011
C3_variance,Fp1_energy,0.9768484579226756,0.9768484579226756
Fp1_energy,C3_energy,0.9767304638451484,0.9767304638451484
Fp1_variance,C3_energy,0.976668985060333,0.976668985060333
C3_amplitude,T5_amplitude,0.976613734848741,0.976613734848741
avg_std,C4_rms,0.9765715757293436,0.9765715757293436
P3_amplitude,O1_amplitude,0.9765419950707992,0.9765419950707992
T5_std,P4_rms,0.9765224340445164,0.9765224340445164
T5_rms,P4_rms,0.9764876789630487,0.9764876789630487
T4_beta_power,T5_beta_power,0.9764820531168767,0.9764820531168767
T5_std,P4_std,0.9764662675836695,0.9764662675836695
C4_beta_power,T4_beta_power,0.9764024156066079,0.9764024156066079
C4_rms,avg_rms,0.9763911098858803,0.9763911098858803
C4_std,avg_std,0.9763625674725966,0.9763625674725966
P4_std,T5_rms,0.9763578010729246,0.9763578010729246
T4_theta_power,T6_theta_power,0.9763229979047235,0.9763229979047235
T3_beta_power,C4_beta_power,0.976213887972015,0.976213887972015
T3_std,P4_rms,0.9761990926113957,0.9761990926113957
T3_rms,P4_rms,0.9761942402759161,0.9761942402759161
Cz_delta_power,T4_delta_power,0.9761895209380915,0.9761895209380915
T3_std,P4_std,0.9761391934732963,0.9761391934732963
T6_variance,Fp1_energy,0.9761339852512876,0.9761339852512876
Fp1_variance,T6_variance,0.976113730492214,0.976113730492214
C4_std,avg_rms,0.9761107522480005,0.9761107522480005
P4_std,T3_rms,0.9760618281462559,0.9760618281462559
Cz_variance,P3_variance,0.9760132558104203,0.9760132558104203
Fp1_energy,T6_energy,0.97599810661,0.97599810661
Cz_variance,P3_energy,0.9759729655514041,0.9759729655514041
C3_variance,T4_variance,0.9759597003209005,0.9759597003209005
Fp1_variance,T6_energy,0.9759141094501155,0.9759141094501155
C3_variance,T4_energy,0.9758885518170226,0.9758885518170226
T4_variance,C3_energy,0.9757532328976395,0.9757532328976395
C3_energy,T4_energy,0.9757463138883747,0.9757463138883747
Cz_energy,P3_energy,0.9756994374945064,0.9756994374945064
P3_variance,Cz_energy,0.9756772334208054,0.9756772334208054
C3_min,avg_min,0.9756652266405393,0.9756652266405393
Cz_std,C4_std,0.9756222783390177,0.9756222783390177
Cz_std,C4_rms,0.9755924930651569,0.9755924930651569
Fp1_variance,Cz_variance,0.9755890998004014,0.9755890998004014
Cz_rms,C4_rms,0.9755716900397656,0.9755716900397656
Cz_variance,Fp1_energy,0.9755350023556979,0.9755350023556979
C4_std,Cz_rms,0.9755303649575667,0.9755303649575667
C3_amplitude,P3_amplitude,0.9755142392718236,0.9755142392718236
T5_std,O1_std,0.9754708124128353,0.9754708124128353
C4_max,T5_max,0.9754631879627051,0.9754631879627051
T5_std,O1_rms,0.9754404596677176,0.9754404596677176
T5_rms,O1_rms,0.9753563720707844,0.9753563720707844
O1_std,T5_rms,0.9753105353827094,0.9753105353827094
T4_amplitude,T5_amplitude,0.9752996310526733,0.9752996310526733
Fp1_energy,Cz_energy,0.975286474955979,0.975286474955979
Fp1_variance,Cz_energy,0.9752787850101003,0.9752787850101003
P3_min,O1_min,0.9752142423033707,0.9752142423033707
P4_alpha_power,T6_alpha_power,0.9751563011774389,0.9751563011774389
P3_max,P4_max,0.975123020548048,0.975123020548048
Cz_variance,T4_variance,0.9750984222886466,0.9750984222886466
Cz_variance,T4_energy,0.9749729896901973,0.9749729896901973
P3_amplitude,avg_amplitude,0.9749413965791734,0.9749413965791734
C4_amplitude,P4_amplitude,0.9749069884131781,0.9749069884131781
avg_std,T4_rms,0.9748336181862353,0.9748336181862353
T4_variance,Cz_energy,0.9747913638655606,0.9747913638655606
T4_std,avg_std,0.9747794946726835,0.9747794946726835
T4_rms,avg_rms,0.974775475453688,0.974775475453688
Cz_energy,T4_energy,0.9747258462402982,0.9747258462402982
P3_min,P4_min,0.9746964133297382,0.9746964133297382
T4_std,avg_rms,0.9746517669110392,0.9746517669110392
Pz_alpha_power,O1_alpha_power,0.9745937921899127,0.9745937921899127
Cz_variance,O1_variance,0.974381302413313,0.974381302413313
Cz_variance,O1_energy,0.9743284317602076,0.9743284317602076
C4_theta_power,P3_theta_power,0.9742069979394946,0.9742069979394946
T3_std,Cz_std,0.9741933451046528,0.9741933451046528
T3_std,Cz_rms,0.9741928047387096,0.9741928047387096
T3_amplitude,Cz_amplitude,0.974156259514533,0.974156259514533
T3_rms,Cz_rms,0.9741516462551847,0.9741516462551847
Cz_delta_power,O1_delta_power,0.9741139685929331,0.9741139685929331
Fp1_theta_power,O1_theta_power,0.9740907662398589,0.9740907662398589
Cz_std,T3_rms,0.9740812295252045,0.9740812295252045
Cz_energy,O1_energy,0.9740683413951087,0.9740683413951087
O1_variance,Cz_energy,0.9740582487270611,0.9740582487270611
T3_min,C4_min,0.9740333896427158,0.9740333896427158
P3_max,Pz_max,0.9740013787649376,0.9740013787649376
C3_amplitude,avg_amplitude,0.9736069612430296,0.9736069612430296
T3_alpha_power,C4_alpha_power,0.9735174045843096,0.9735174045843096
T4_max,T5_max,0.9734145976212611,0.9734145976212611
P3_alpha_power,Pz_alpha_power,0.9733070451033412,0.9733070451033412
C3_amplitude,C4_amplitude,0.9732316769208941,0.9732316769208941
T5_amplitude,P4_amplitude,0.973201330108459,0.973201330108459
T3_std,O1_std,0.9729183900178352,0.9729183900178352
T3_std,O1_rms,0.9728976359061803,0.9728976359061803
T3_rms,O1_rms,0.9728354173645313,0.9728354173645313
O1_std,T3_rms,0.9727823810089875,0.9727823810089875
C4_max,P4_max,0.9727801952300775,0.9727801952300775
P4_alpha_power,O1_alpha_power,0.9726549084540579,0.9726549084540579
T5_min,avg_min,0.9726227714519297,0.9726227714519297
Cz_variance,C4_variance,0.9725995725107994,0.9725995725107994
Cz_variance,C4_energy,0.9725516282174937,0.9725516282174937
Cz_delta_power,C4_delta_power,0.9725515484182471,0.9725515484182471
T3_alpha_power,T6_alpha_power,0.9724970463009388,0.9724970463009388
C3_min,Cz_min,0.9724207990110325,0.9724207990110325
F7_alpha_power,F7_beta_power,0.9723531691759701,0.9723531691759701
Cz_energy,C4_energy,0.9722834662872699,0.9722834662872699
C4_variance,Cz_energy,0.9722690514570257,0.9722690514570257
T3_amplitude,P4_amplitude,0.9722580516988152,0.9722580516988152
Cz_amplitude,C4_amplitude,0.9722532414495575,0.9722532414495575
T5_amplitude,O1_amplitude,0.9719626570517329,0.9719626570517329
avg_std,P3_rms,0.9718593001289307,0.9718593001289307
Fp1_theta_power,P3_theta_power,0.9718286329506154,0.9718286329506154
Cz_std,P3_std,0.9717691866676088,0.9717691866676088
C4_min,avg_min,0.9717690396191553,0.9717690396191553
T3_alpha_power,Pz_alpha_power,0.971732790820575,0.971732790820575
Cz_std,P3_rms,0.9717224849756916,0.9717224849756916
T5_beta_power,P4_beta_power,0.9716981677482562,0.9716981677482562
Cz_rms,P3_rms,0.9716825164551658,0.9716825164551658
P3_rms,avg_rms,0.9716621053679124,0.9716621053679124
P3_std,Cz_rms,0.9716586921605597,0.9716586921605597
P3_std,avg_std,0.9716446346554698,0.9716446346554698
T4_std,P4_rms,0.9716383346901114,0.9716383346901114
T3_theta_power,Pz_theta_power,0.9716139256076567,0.9716139256076567
P3_amplitude,Pz_amplitude,0.9715599062885978,0.9715599062885978
T4_rms,P4_rms,0.9715447543103516,0.9715447543103516
T3_mean,P3_mean,0.9715363999521341,0.9715363999521341
T4_std,P3_rms,0.9715161154734274,0.9715161154734274
T4_std,P4_std,0.9715147748114307,0.9715147748114307
C3_min,C4_min,0.971480344781596,0.971480344781596
T4_rms,P3_rms,0.9714136151128313,0.9714136151128313
T4_std,P3_std,0.9714031612837328,0.9714031612837328
P3_std,avg_rms,0.9713768281495438,0.9713768281495438
P4_std,T4_rms,0.9713502136042617,0.9713502136042617
T5_beta_power,T6_beta_power,0.9713225316374738,0.9713225316374738
F8_amplitude,F8_rms,0.9713013580084606,0.9713013580084606
F8_std,F8_amplitude,0.9712636401894513,0.9712636401894513
C3_beta_power,T5_beta_power,0.9712450032067392,0.9712450032067392
P3_std,T4_rms,0.9712300648748888,0.9712300648748888
Fp2_std,Fp2_amplitude,0.9710104229197852,0.9710104229197852
C3_std,Cz_std,0.9708152184967241,0.9708152184967241
C4_std,O1_std,0.9708011299037799,0.9708011299037799
F4_std,F4_amplitude,0.9707723809618187,0.9707723809618187
Fp2_amplitude,Fp2_rms,0.9707577087180499,0.9707577087180499
C3_std,Cz_rms,0.970754063518923,0.970754063518923
Fz_max,Fz_amplitude,0.9707498895463296,0.9707498895463296
O1_std,C4_rms,0.970749818384007,0.970749818384007
C4_rms,O1_rms,0.9707475495539197,0.9707475495539197
C4_std,O1_rms,0.9707253955849746,0.9707253955849746
F4_amplitude,F4_rms,0.9706901520173974,0.9706901520173974
C3_rms,Cz_rms,0.9706410416278959,0.9706410416278959
Cz_std,C3_rms,0.9706319727985191,0.9706319727985191
O2_std,O2_amplitude,0.9705466540490508,0.9705466540490508
T4_beta_power,P3_beta_power,0.9705217324477884,0.9705217324477884
O2_amplitude,O2_rms,0.9703659470122006,0.9703659470122006
Cz_amplitude,P3_amplitude,0.970347453099766,0.970347453099766
T4_max,P3_max,0.9702836882995086,0.9702836882995086
T4_amplitude,P3_amplitude,0.9702614066919709,0.9702614066919709
Pz_theta_power,O1_theta_power,0.9702425627475366,0.9702425627475366
P3_min,avg_min,0.9702346559107056,0.9702346559107056
C4_min,T4_min,0.9701923417352565,0.9701923417352565
Fp1_alpha_power,T4_alpha_power,0.9701562162366161,0.9701562162366161
T5_min,O1_min,0.9700996767921283,0.9700996767921283
T3_amplitude,O1_amplitude,0.9699609955329868,0.9699609955329868
P4_std,O1_std,0.9699323726685778,0.9699323726685778
O1_std,P4_rms,0.9698548161460768,0.9698548161460768
P4_std,O1_rms,0.9698335127011373,0.9698335127011373
P4_rms,O1_rms,0.9698284906129807,0.9698284906129807
avg_std,C3_rms,0.9696955490906892,0.9696955490906892
T5_mean,P3_mean,0.969673749510325,0.969673749510325
C3_std,P4_std,0.9696653557075096,0.9696653557075096
T4_min,avg_min,0.9696651160942169,0.9696651160942169
C3_std,P4_rms,0.9696633459451132,0.9696633459451132
C3_std,avg_std,0.9696076259004079,0.9696076259004079
P3_max,O1_max,0.9696025836714799,0.9696025836714799
Cz_delta_power,Pz_delta_power,0.9695957127737874,0.9695957127737874
C3_rms,P4_rms,0.9695930771876043,0.9695930771876043
T5_std,Cz_rms,0.9695875285537502,0.9695875285537502
Cz_std,T5_std,0.9695731659329713,0.9695731659329713
C3_rms,avg_rms,0.9695571050720715,0.9695571050720715
Cz_rms,T5_rms,0.9695457490098539,0.9695457490098539
T3_max,Cz_max,0.969536234634818,0.969536234634818
P4_std,C3_rms,0.9695235743300149,0.9695235743300149
Cz_variance,Pz_variance,0.9695185125642589,0.9695185125642589
Cz_std,T5_rms,0.9694596418837536,0.9694596418837536
C3_std,avg_rms,0.9693987201021259,0.9693987201021259
P4_amplitude,avg_amplitude,0.9693354560434634,0.9693354560434634
Cz_amplitude,avg_amplitude,0.9692967289724275,0.9692967289724275
Cz_amplitude,T5_amplitude,0.9692782887657784,0.9692782887657784
Cz_variance,Pz_energy,0.9692354501983835,0.9692354501983835
Pz_variance,Cz_energy,0.9692142591201737,0.9692142591201737
T6_std,T5_rms,0.9691859783835685,0.9691859783835685
T5_rms,T6_rms,0.9691343392173398,0.9691343392173398
T4_theta_power,P4_theta_power,0.9691273141639858,0.9691273141639858
T5_std,T6_std,0.9691119891723353,0.9691119891723353
F7_beta_power,F3_beta_power,0.969084002185322,0.969084002185322
T3_mean,avg_mean,0.9690660640317406,0.9690660640317406
T5_std,T6_rms,0.9689931961694046,0.9689931961694046
Cz_energy,Pz_energy,0.9689918079137511,0.9689918079137511
Cz_max,avg_max,0.9689728523634475,0.9689728523634475
P3_theta_power,Pz_theta_power,0.9689655696562453,0.9689655696562453
T3_max,C3_max,0.9689560802844471,0.9689560802844471
P4_max,avg_max,0.9689431427973486,0.9689431427973486
T4_amplitude,T6_amplitude,0.9689180556162456,0.9689180556162456
T4_rms,T6_rms,0.9688998586436358,0.9688998586436358
T6_std,T4_rms,0.9688988601272575,0.9688988601272575
T4_std,T6_std,0.96887613291105,0.96887613291105
T4_std,T6_rms,0.9688106841226563,0.9688106841226563
avg_amplitude,avg_rms,0.968785312438538,0.968785312438538
T3_alpha_power,T5_alpha_power,0.9687823562208221,0.9687823562208221
avg_std,avg_amplitude,0.9687664443463404,0.9687664443463404
T3_min,Cz_min,0.9687610823065388,0.9687610823065388
C3_std,T4_std,0.9687473019487451,0.9687473019487451
T4_std,C3_rms,0.9687332125339643,0.9687332125339643
C3_variance,Pz_variance,0.9687104348881701,0.9687104348881701
C3_rms,T4_rms,0.9686802838230484,0.9686802838230484
C3_std,T4_rms,0.9686243972868191,0.9686243972868191
T4_alpha_power,P3_alpha_power,0.9685890029847173,0.9685890029847173
avg_std,P4_rms,0.968584926909272,0.968584926909272
Pz_variance,C3_energy,0.9684998368504754,0.9684998368504754
C3_variance,Pz_energy,0.9684709061942555,0.9684709061942555
P4_rms,avg_rms,0.9684210900541447,0.9684210900541447
P4_std,avg_std,0.9683870632800003,0.9683870632800003
T5_min,P4_min,0.968355077297433,0.968355077297433
T3_min,T4_min,0.9683519919061059,0.9683519919061059
C3_energy,Pz_energy,0.9683234519563281,0.9683234519563281
T4_amplitude,P4_amplitude,0.9683205676212243,0.9683205676212243
C3_min,P4_min,0.9683042599867783,0.9683042599867783
T6_std,T3_rms,0.9682956503028438,0.9682956503028438
Pz_delta_power,T6_delta_power,0.9682897208250503,0.9682897208250503
T3_rms,T6_rms,0.9682517723099162,0.9682517723099162
C3_theta_power,T5_theta_power,0.9682392085435206,0.9682392085435206
T3_std,T6_std,0.9682152017635771,0.9682152017635771
P4_std,avg_rms,0.968152923916222,0.968152923916222
C3_delta_power,T5_delta_power,0.9681101989842716,0.9681101989842716
T3_std,T6_rms,0.9681047794640503,0.9681047794640503
C3_variance,T6_variance,0.9680536439365321,0.9680536439365321
Cz_std,P4_std,0.9679375980992523,0.9679375980992523
Cz_std,P4_rms,0.9678902873036176,0.9678902873036176
T3_max,P4_max,0.9678884923680574,0.9678884923680574
T6_variance,C3_energy,0.9678874330386555,0.9678874330386555
Cz_rms,P4_rms,0.9678827390639839,0.9678827390639839
P4_std,Cz_rms,0.9678600866530223,0.9678600866530223
C3_variance,T6_energy,0.9678475671403705,0.9678475671403705
Cz_max,P3_max,0.9677953705490945,0.9677953705490945
F8_max,F8_amplitude,0.9677667604337542,0.9677667604337542
T6_std,C4_rms,0.9677660502764993,0.9677660502764993
C3_energy,T6_energy,0.9677479385939243,0.9677479385939243
C4_min,P3_min,0.9677310961622382,0.9677310961622382
C4_rms,T6_rms,0.9676557770678078,0.9676557770678078
C3_amplitude,Cz_amplitude,0.967629373563167,0.967629373563167
Cz_max,C4_max,0.9676236482136206,0.9676236482136206
C4_std,T6_std,0.9676053319579485,0.9676053319579485
Fz_min,Fz_amplitude,-0.9675865601161068,0.9675865601161068
T3_max,Pz_max,0.9675395790261976,0.9675395790261976
T3_delta_power,C3_delta_power,0.9675191952388731,0.9675191952388731
C4_std,T6_rms,0.967427724944068,0.967427724944068
T5_max,P4_max,0.9673729107363961,0.9673729107363961
T4_amplitude,T4_rms,0.9672508673833228,0.9672508673833228
T4_std,T4_amplitude,0.9672154347740115,0.9672154347740115
T4_alpha_power,Pz_alpha_power,0.96718552905449,0.96718552905449
C3_amplitude,T4_amplitude,0.9669892848670789,0.9669892848670789
T3_beta_power,C3_beta_power,0.9669737133329682,0.9669737133329682
P3_std,Pz_std,0.966840508780733,0.966840508780733
T4_max,P4_max,0.9668395587152068,0.9668395587152068
Pz_std,P3_rms,0.9667722243945983,0.9667722243945983
Pz_std,Pz_amplitude,0.9667695439979157,0.9667695439979157
Pz_amplitude,Pz_rms,0.9667425770995595,0.9667425770995595
Pz_variance,T6_variance,0.9667417264841146,0.9667417264841146
Cz_amplitude,T4_amplitude,0.9666800147300784,0.9666800147300784
T5_theta_power,Pz_theta_power,0.9665992833851457,0.9665992833851457
P3_rms,Pz_rms,0.9665705293559063,0.9665705293559063
P3_std,Pz_rms,0.9665674575284354,0.9665674575284354
T6_variance,Pz_energy,0.9665298274975905,0.9665298274975905
Pz_variance,T6_energy,0.9665225000298283,0.9665225000298283
T6_std,T6_amplitude,0.9664967407090818,0.9664967407090818
C4_max,Pz_max,0.9664812155808945,0.9664812155808945
Pz_max,avg_max,0.9664768046764969,0.9664768046764969
T6_amplitude,T6_rms,0.9664582210995573,0.9664582210995573
C3_delta_power,P3_delta_power,0.9664119793018108,0.9664119793018108
Pz_energy,T6_energy,0.9663729707250527,0.9663729707250527
T4_theta_power,Pz_theta_power,0.9663439655020426,0.9663439655020426
T3_amplitude,T3_rms,0.966270399438373,0.966270399438373
T3_std,T3_amplitude,0.9662481212260858,0.9662481212260858
Fp1_std,Fp1_amplitude,0.9662439571999832,0.9662439571999832
Fp1_amplitude,Fp1_rms,0.966184275938245,0.966184275938245
C3_delta_power,P4_delta_power,0.9660461893358314,0.9660461893358314
C3_amplitude,P4_amplitude,0.9659179733216559,0.9659179733216559
T4_std,Cz_rms,0.9658568772821625,0.9658568772821625
C4_amplitude,C4_rms,0.9658047117655977,0.9658047117655977
Cz_std,T4_std,0.9658043036994639,0.9658043036994639
T3_amplitude,T6_amplitude,0.9657901596955007,0.9657901596955007
C4_mean,avg_mean,0.9657770846475895,0.9657770846475895
C4_std,C4_amplitude,0.9657508099132933,0.9657508099132933
Cz_rms,T4_rms,0.965741640335071,0.965741640335071
T5_amplitude,T6_amplitude,0.9656524156345432,0.9656524156345432
C4_amplitude,O1_amplitude,0.9656355710134717,0.9656355710134717
Cz_std,T4_rms,0.965620136080977,0.965620136080977
Pz_max,P4_max,0.9655866936266025,0.9655866936266025
Pz_amplitude,P4_amplitude,0.9655552525100264,0.9655552525100264
P4_amplitude,O1_amplitude,0.9655464169014321,0.9655464169014321
C3_variance,Cz_variance,0.9655348261902823,0.9655348261902823
Cz_variance,C3_energy,0.9653130671075537,0.9653130671075537
C3_variance,Cz_energy,0.965267794774416,0.965267794774416
T4_alpha_power,T6_alpha_power,0.9652583907686277,0.9652583907686277
T6_std,P4_rms,0.9651871124243541,0.9651871124243541
C4_theta_power,T5_theta_power,0.9651274038679879,0.9651274038679879
P4_rms,T6_rms,0.9651257908305315,0.9651257908305315
T3_max,O1_max,0.9651134878439059,0.9651134878439059
C3_energy,Cz_energy,0.9651074787319648,0.9651074787319648
P4_std,T6_std,0.9650402460575326,0.9650402460575326
C4_min,T5_min,0.9650244801071666,0.9650244801071666
C3_amplitude,C3_rms,0.9649927811265865,0.9649927811265865
P3_amplitude,P3_rms,0.9649667782456655,0.9649667782456655
Cz_min,C4_min,0.9649377083658247,0.9649377083658247
P3_std,P3_amplitude,0.9649263337002265,0.9649263337002265
P4_std,T6_rms,0.9649122955075446,0.9649122955075446
T6_amplitude,avg_amplitude,0.964881642718057,0.964881642718057
C3_std,C3_amplitude,0.964876502155028,0.964876502155028
O1_std,O1_amplitude,0.9648540216236826,0.9648540216236826
O1_amplitude,O1_rms,0.9648348354259011,0.9648348354259011
avg_std,T6_rms,0.9648154329829414,0.9648154329829414
Cz_amplitude,Cz_rms,0.9648152159561291,0.9648152159561291
T3_beta_power,T6_beta_power,0.9647937049275938,0.9647937049275938
T5_max,Pz_max,0.9647890449543172,0.9647890449543172
T6_rms,avg_rms,0.9647867546579771,0.9647867546579771
T6_std,avg_std,0.9647517418071069,0.9647517418071069
Cz_std,Cz_amplitude,0.9647202524515623,0.9647202524515623
T5_amplitude,T5_rms,0.9647182033710993,0.9647182033710993
T5_std,T5_amplitude,0.9647027317010147,0.9647027317010147
T6_std,avg_rms,0.9646583407648507,0.9646583407648507
C3_max,T5_max,0.9645390760640169,0.9645390760640169
P4_amplitude,P4_rms,0.9644713709164096,0.9644713709164096
P4_std,P4_amplitude,0.9644559849613944,0.9644559849613944
C3_max,avg_max,0.9643914999162516,0.9643914999162516
T4_min,T5_min,0.9643315425001997,0.9643315425001997
C3_min,T4_min,0.9643117728168871,0.9643117728168871
Cz_amplitude,P4_amplitude,0.9643066133095385,0.9643066133095385
C3_delta_power,O1_delta_power,0.9642686553477257,0.9642686553477257
C3_beta_power,P3_beta_power,0.9642611934198404,0.9642611934198404
T5_max,O1_max,0.9642538382366165,0.9642538382366165
Cz_min,P3_min,0.9641544068170025,0.9641544068170025
T3_min,O1_min,0.9640413367425141,0.9640413367425141
T3_amplitude,Pz_amplitude,0.9640340603255863,0.9640340603255863
F3_theta_power,F3_alpha_power,0.9638842023199512,0.9638842023199512
avg_std,Cz_rms,0.9638314359244902,0.9638314359244902
Cz_min,T5_min,0.9637523494947564,0.9637523494947564
Cz_min,avg_min,0.9637248362688505,0.9637248362688505
Cz_delta_power,T6_delta_power,0.9637047340078121,0.9637047340078121
T3_min,P4_min,0.9636956101606625,0.9636956101606625
Cz_std,avg_std,0.9636924408460728,0.9636924408460728
T6_max,avg_max,0.9636918585378459,0.9636918585378459
C3_theta_power,P4_theta_power,0.9636632539391595,0.9636632539391595
Cz_rms,avg_rms,0.9636506241705189,0.9636506241705189
Fp1_theta_power,T5_theta_power,0.9635952785983608,0.9635952785983608
Cz_std,avg_rms,0.963443258600444,0.963443258600444
Cz_max,T5_max,0.9634322948498786,0.9634322948498786
C4_min,P4_min,0.9633934269915038,0.9633934269915038
C4_amplitude,T6_amplitude,0.9633927606705712,0.9633927606705712
Cz_variance,T6_variance,0.9633907100136864,0.9633907100136864
T5_amplitude,Pz_amplitude,0.9633553852713289,0.9633553852713289
C3_max,P3_max,0.9632678527801017,0.9632678527801017
C3_delta_power,C4_delta_power,0.9632598717369772,0.9632598717369772
T6_variance,Cz_energy,0.9631512236820399,0.9631512236820399
Cz_variance,T6_energy,0.963144400809448,0.963144400809448
P3_min,Pz_min,0.9630105813400458,0.9630105813400458
P4_min,avg_min,0.9629672446994904,0.9629672446994904
Cz_energy,T6_energy,0.9629654756282485,0.9629654756282485
Fp1_delta_power,C3_delta_power,0.9629126527018973,0.9629126527018973
T6_std,P3_rms,0.9627889486163851,0.9627889486163851
P3_rms,T6_rms,0.96264223119607,0.96264223119607
P3_std,T6_std,0.9626313891067665,0.9626313891067665
C4_amplitude,Pz_amplitude,0.9626191314482353,0.9626191314482353
C3_alpha_power,T6_alpha_power,0.9625796689663016,0.9625796689663016
Pz_std,P4_std,0.9625367612284411,0.9625367612284411
Pz_std,P4_rms,0.9624881616585046,0.9624881616585046
P3_std,T6_rms,0.9624187767685283,0.9624187767685283
F7_std,F3_std,0.9623344311124556,0.9623344311124556
Pz_rms,P4_rms,0.9623106207947382,0.9623106207947382
F3_std,F7_rms,0.9622881258058492,0.9622881258058492
P4_std,Pz_rms,0.9622878028336739,0.9622878028336739
F7_rms,F3_rms,0.9621910929633537,0.9621910929633537
F7_std,F3_rms,0.9621845917617109,0.9621845917617109
C3_delta_power,T4_delta_power,0.9621824216201692,0.9621824216201692
Pz_amplitude,O1_amplitude,0.9620386535989112,0.9620386535989112
C3_std,O1_std,0.9620263765086668,0.9620263765086668
C3_beta_power,P4_beta_power,0.9620017308668123,0.9620017308668123
C3_std,O1_rms,0.9619676087485596,0.9619676087485596
O2_max,O2_amplitude,0.9619655543860813,0.9619655543860813
P3_mean,avg_mean,0.9619477056501473,0.9619477056501473
C3_alpha_power,P3_alpha_power,0.9619471716336683,0.9619471716336683
T4_beta_power,T6_beta_power,0.9618606403079131,0.9618606403079131
C3_rms,O1_rms,0.9618455457621695,0.9618455457621695
O1_std,C3_rms,0.9618327035312244,0.9618327035312244
T4_max,T6_max,0.9617668914814189,0.9617668914814189
T3_beta_power,P4_beta_power,0.961750420334298,0.961750420334298
F7_amplitude,F3_amplitude,0.961712386685283,0.961712386685283
P4_min,O1_min,0.9615686147933264,0.9615686147933264
Pz_amplitude,avg_amplitude,0.9615264084628335,0.9615264084628335
T3_max,T6_max,0.9614704895249159,0.9614704895249159
C4_max,O1_max,0.9613552163115555,0.9613552163115555
Cz_amplitude,Pz_amplitude,0.9613210552675693,0.9613210552675693
T3_amplitude,T5_rms,0.9612674878005294,0.9612674878005294
Cz_max,T4_max,0.9612463230413946,0.9612463230413946
T5_std,T3_amplitude,0.9612457621447584,0.9612457621447584
Fp1_alpha_power,T3_alpha_power,0.9610508160266181,0.9610508160266181
T3_mean,C3_mean,0.9609630018553318,0.9609630018553318
O1_amplitude,avg_amplitude,0.9608784432778439,0.9608784432778439
C4_max,T6_max,0.9608451082606366,0.9608451082606366
C3_max,C4_max,0.9607115260700433,0.9607115260700433
C3_min,O1_min,0.9606266212942929,0.9606266212942929
T5_mean,avg_mean,0.9605146367327456,0.9605146367327456
P4_amplitude,T6_amplitude,0.960482504138247,0.960482504138247
P3_amplitude,T6_amplitude,0.9603870139502924,0.9603870139502924
C4_theta_power,Pz_theta_power,0.9603595434684672,0.9603595434684672
avg_std,O1_rms,0.9601725361901468,0.9601725361901468
T3_mean,C4_mean,0.9601632101057483,0.9601632101057483
T5_max,T6_max,0.9601631978922602,0.9601631978922602
O1_std,avg_std,0.960023292754507,0.960023292754507
avg_max,avg_amplitude,0.9599774567058262,0.9599774567058262
O1_rms,avg_rms,0.9599711910930616,0.9599711910930616
C4_theta_power,T6_theta_power,0.959933555624928,0.959933555624928
C3_theta_power,P3_theta_power,0.9598128062599739,0.9598128062599739
O1_std,avg_rms,0.9597510903479911,0.9597510903479911
C4_std,Pz_std,0.9595859513706319,0.9595859513706319
O1_max,avg_max,0.959544929465786,0.959544929465786
Pz_std,C4_rms,0.959509513387736,0.959509513387736
Cz_min,P4_min,0.9594867255103456,0.9594867255103456
F4_max,avg_max,0.9594270075038502,0.9594270075038502
C4_std,Pz_rms,0.9593005392554469,0.9593005392554469
C4_rms,Pz_rms,0.9592947879890528,0.9592947879890528
T4_min,P3_min,0.9592824017428038,0.9592824017428038
F3_amplitude,F3_rms,0.9591261676434403,0.9591261676434403
Pz_theta_power,P4_theta_power,0.9591233125357275,0.9591233125357275
F3_std,F3_amplitude,0.9591063231878355,0.9591063231878355
Cz_max,Pz_max,0.9589767533200251,0.9589767533200251
O2_min,O2_amplitude,-0.9589738889536192,0.9589738889536192
Pz_alpha_power,T6_alpha_power,0.9589044353321643,0.9589044353321643
Fp1_theta_power,Pz_theta_power,0.9588802004955689,0.9588802004955689
T4_max,Pz_max,0.9588069900486605,0.9588069900486605
T4_min,T6_min,0.9587589414799094,0.9587589414799094
T4_std,O1_rms,0.9587528547088516,0.9587528547088516
T4_std,O1_std,0.9587107404869665,0.9587107404869665
T4_rms,O1_rms,0.9586263000954571,0.9586263000954571
O1_std,T4_rms,0.9585138611920704,0.9585138611920704
C3_amplitude,O1_amplitude,0.9584390248659933,0.9584390248659933
T4_beta_power,P4_beta_power,0.9583471490272607,0.9583471490272607
Cz_min,T4_min,0.9583049805942593,0.9583049805942593
T5_std,Pz_std,0.9581388122639133,0.9581388122639133
C3_theta_power,O1_theta_power,0.9581032069475842,0.9581032069475842
Pz_std,T5_rms,0.9579934393890326,0.9579934393890326
F4_max,F4_amplitude,0.9579560502550414,0.9579560502550414
T5_std,Pz_rms,0.9579495727531524,0.9579495727531524
T5_rms,Pz_rms,0.9578762130249405,0.9578762130249405
Pz_max,O1_max,0.9578565251284442,0.9578565251284442
C3_max,C3_amplitude,0.957715460110106,0.957715460110106
T3_std,Pz_std,0.9576736334342518,0.9576736334342518
Pz_std,O1_std,0.9576002581666407,0.9576002581666407
Pz_std,T3_rms,0.9575372418056816,0.9575372418056816
Pz_std,O1_rms,0.9574854491006852,0.9574854491006852
T3_std,Pz_rms,0.9574742446139344,0.9574742446139344
C3_amplitude,Pz_amplitude,0.9574097440930313,0.9574097440930313
T3_rms,Pz_rms,0.9574081018632209,0.9574081018632209
O1_std,Pz_rms,0.9573403436437073,0.9573403436437073
Pz_rms,O1_rms,0.9572967818706393,0.9572967818706393
F4_max,C4_max,0.9572533756836257,0.9572533756836257
T5_min,T6_min,0.9572424807835171,0.9572424807835171
T4_min,P4_min,0.9569935743884402,0.9569935743884402
Cz_max,P4_max,0.9569769897023631,0.9569769897023631
F8_variance,F8_delta_power,0.9567756343536957,0.9567756343536957
Cz_std,Pz_std,0.9566110395036451,0.9566110395036451
T5_amplitude,T3_rms,0.9565692030945854,0.9565692030945854
T3_std,T5_amplitude,0.9565385569668363,0.9565385569668363
Pz_std,Cz_rms,0.9564742438438549,0.9564742438438549
T3_max,T3_amplitude,0.9564727569064009,0.9564727569064009
Cz_std,Pz_rms,0.9563113155367807,0.9563113155367807
C3_beta_power,T4_beta_power,0.9562824268179377,0.9562824268179377
C4_beta_power,P3_beta_power,0.9562595891512873,0.9562595891512873
Cz_rms,Pz_rms,0.9562426700806366,0.9562426700806366
T6_std,C3_rms,0.9562249365815756,0.9562249365815756
C3_std,T6_std,0.9561961917672986,0.9561961917672986
Pz_min,P4_min,0.956161711329159,0.956161711329159
C3_rms,T6_rms,0.9561382604681328,0.9561382604681328
C4_mean,T4_mean,0.9561218676272794,0.9561218676272794
F8_min,F8_amplitude,-0.9560962780482862,0.9560962780482862
C3_std,T6_rms,0.9560443875850309,0.9560443875850309
F8_energy,F8_delta_power,0.9559969538772723,0.9559969538772723
Cz_std,O1_std,0.9559724920163473,0.9559724920163473
T5_alpha_power,Pz_alpha_power,0.955940217869432,0.955940217869432
Cz_std,O1_rms,0.95587642657492,0.95587642657492
O1_std,Cz_rms,0.9558579508232865,0.9558579508232865
T4_amplitude,O1_amplitude,0.9558550602343794,0.9558550602343794
Cz_rms,O1_rms,0.9558311859264307,0.9558311859264307
T4_amplitude,Pz_amplitude,0.955821967507982,0.955821967507982
T6_min,avg_min,0.9557707633592702,0.9557707633592702
T6_std,O1_rms,0.9555047625982994,0.9555047625982994
T6_std,O1_std,0.9554357262697671,0.9554357262697671
T6_rms,O1_rms,0.9553313563585333,0.9553313563585333
Pz_theta_power,T6_theta_power,0.9552808343390307,0.9552808343390307
T3_max,T5_amplitude,0.9552790361466156,0.9552790361466156
T5_max,T5_amplitude,0.9552726835798697,0.9552726835798697
O1_std,T6_rms,0.955196133861789,0.955196133861789
P4_min,T6_min,0.9551162321638255,0.9551162321638255
O1_min,avg_min,0.9549919057302126,0.9549919057302126
Fp1_beta_power,C4_beta_power,0.9549888765181082,0.9549888765181082
Cz_max,Cz_amplitude,0.9549609262136596,0.9549609262136596
P3_max,P3_amplitude,0.9549383923998609,0.9549383923998609
C3_max,T4_max,0.9549276995895574,0.9549276995895574
O1_max,O1_amplitude,0.9549009321996169,0.9549009321996169
C4_min,O1_min,0.954816126675595,0.954816126675595
T3_std,C4_amplitude,0.9547268549833267,0.9547268549833267
C4_amplitude,T3_rms,0.9547127356016716,0.9547127356016716
T6_max,T6_amplitude,0.9546598181701892,0.9546598181701892
T4_mean,avg_mean,0.9546505252595107,0.9546505252595107
P3_max,T6_max,0.9545854146473338,0.9545854146473338
F4_max,T3_max,0.9544997634711653,0.9544997634711653
Cz_amplitude,O1_amplitude,0.9544659545269777,0.9544659545269777
C3_theta_power,T6_theta_power,0.9544047821478807,0.9544047821478807
P4_max,O1_max,0.9543229827066458,0.9543229827066458
T3_min,T6_min,0.9541731911726677,0.9541731911726677
C3_amplitude,T6_amplitude,0.9540622688637138,0.9540622688637138
Cz_min,Pz_min,0.9540487934513442,0.9540487934513442
T5_std,P3_amplitude,0.9539981405883634,0.9539981405883634
P3_amplitude,T5_rms,0.9539438808210026,0.9539438808210026
C3_delta_power,T6_delta_power,0.9539432254070477,0.9539432254070477
C4_max,C4_amplitude,0.9538798918288967,0.9538798918288967
P3_beta_power,T6_beta_power,0.9538588601553966,0.9538588601553966
T3_amplitude,C4_rms,0.9537960848416233,0.9537960848416233
C3_delta_power,Pz_delta_power,0.9537574702793091,0.9537574702793091
C3_min,Pz_min,0.953754908514836,0.953754908514836
C4_std,T3_amplitude,0.9536612383186466,0.9536612383186466
avg_std,T3_amplitude,0.9535177460461627,0.9535177460461627
T3_alpha_power,P4_alpha_power,0.9535088971481471,0.9535088971481471
T3_theta_power,C3_theta_power,0.9534895360103053,0.9534895360103053
T3_amplitude,avg_rms,0.9534033627993584,0.9534033627993584
P4_max,P4_amplitude,0.9532776903944382,0.9532776903944382
Fp1_theta_power,T6_theta_power,0.9532388528977204,0.9532388528977204
C3_alpha_power,O1_alpha_power,0.9531749798492369,0.9531749798492369
F4_max,T4_max,0.9531563180133495,0.9531563180133495
T3_std,P3_amplitude,0.9530523949841795,0.9530523949841795
P3_amplitude,T3_rms,0.9530235867090335,0.9530235867090335
C3_std,Pz_std,0.9530198452410005,0.9530198452410005
Pz_alpha_power,P4_alpha_power,0.9529957265462338,0.9529957265462338
Pz_max,Pz_amplitude,0.9528745573238512,0.9528745573238512
C4_mean,P4_mean,0.9528364540106647,0.9528364540106647
Pz_std,C3_rms,0.9528076221230953,0.9528076221230953
C3_std,Pz_rms,0.952752575607901,0.952752575607901
T4_max,T4_amplitude,0.9527134137132257,0.9527134137132257
F7_max,F7_amplitude,0.9527058802741153,0.9527058802741153
C4_mean,P3_mean,0.95265626888035,0.95265626888035
P3_min,T6_min,0.9526537535787329,0.9526537535787329
C3_min,T6_min,0.9526361620075963,0.9526361620075963
P4_mean,avg_mean,0.9526331421255649,0.9526331421255649
avg_std,Pz_rms,0.9526317821135625,0.9526317821135625
C3_rms,Pz_rms,0.9526094285052776,0.9526094285052776
Pz_min,avg_min,0.9526076776289175,0.9526076776289175
Pz_std,avg_std,0.9525733603483604,0.9525733603483604
T5_min,Pz_min,0.9525604279846981,0.9525604279846981
Pz_rms,avg_rms,0.9524429640145512,0.9524429640145512
T5_delta_power,avg_delta_power,0.9524129385733331,0.9524129385733331
T4_alpha_power,T5_alpha_power,0.9523880903008745,0.9523880903008745
T4_std,C4_amplitude,0.9523289833237369,0.9523289833237369
Pz_std,avg_rms,0.9523157011385013,0.9523157011385013
C4_amplitude,T4_rms,0.9522848249909776,0.9522848249909776
T3_delta_power,avg_delta_power,0.9522631096055147,0.9522631096055147
Fz_min,Fz_rms,-0.9522116164312631,0.9522116164312631
C4_theta_power,P4_theta_power,0.9520523850277305,0.9520523850277305
Fz_std,Fz_min,-0.9518595808429534,0.9518595808429534
P3_mean,P4_mean,0.9518479472631081,0.9518479472631081
Pz_min,O1_min,0.9514838845750196,0.9514838845750196
P3_delta_power,avg_delta_power,0.9514531293301509,0.9514531293301509
avg_std,C4_amplitude,0.9513275938779797,0.9513275938779797
C4_amplitude,avg_rms,0.9511728837493677,0.9511728837493677
T4_max,O1_max,0.9511197653546634,0.9511197653546634
T3_amplitude,P3_rms,0.9510686891298908,0.9510686891298908
C3_max,Cz_max,0.9510142920572916,0.9510142920572916
C4_alpha_power,O1_alpha_power,0.9509550474979863,0.9509550474979863
P3_std,T3_amplitude,0.9509499233255465,0.9509499233255465
P4_delta_power,avg_delta_power,0.9508871142066568,0.9508871142066568
T3_min,Pz_min,0.9506992406882143,0.9506992406882143
Cz_alpha_power,Pz_alpha_power,0.9505492291623862,0.9505492291623862
T5_std,C4_amplitude,0.9504641893758164,0.9504641893758164
C4_amplitude,T5_rms,0.9504526099320014,0.9504526099320014
C3_max,P4_max,0.9504493127756498,0.9504493127756498
P4_max,T6_max,0.9503423284989195,0.9503423284989195
F7_std,F7_amplitude,0.9503168009219475,0.9503168009219475
F7_amplitude,F7_rms,0.9503108281383583,0.9503108281383583
T6_amplitude,O1_amplitude,0.9502812563831746,0.9502812563831746
C3_max,Pz_max,0.9500484163384647,0.9500484163384647
