training,model,accuracy_mean,accuracy_std,precision_mean,precision_std,recall_mean,recall_std,f1_mean,f1_std,balanced_accuracy_mean,balanced_accuracy_std,tn,fp,fn,tp
non équilibré,Decision Tree,0.9487057129313436,0.012848229251333857,0.42612022475721023,0.19668258560262905,0.5645831793271379,0.09850253222610013,0.45971304454323364,0.1388538387080593,0.764821890812021,0.047588955709591964,29089,1086,547,697
non équilibré,KNN,0.9780796333440291,0.008017478109799343,0.7823650597952355,0.10743709501203398,0.6155814975178326,0.11592952998552841,0.6801831390992924,0.08662044809473092,0.8045627536667164,0.05756117950118362,29977,198,487,757
non équilibré,Random Forest,0.9792564594293861,0.007722418139266087,0.7888012330008729,0.12767295489325206,0.6716917439495601,0.07710737292953157,0.7170383046533104,0.04255916100293788,0.8322405327393094,0.038114522535611095,29961,214,429,815
non équilibré,SVM,0.9785106557588034,0.007279285602402466,0.8048399858744093,0.1102278417784556,0.6109250600873134,0.055605205692051615,0.6886899132686869,0.02805309704356751,0.8026387268787663,0.027307381103343173,30004,171,500,744
non équilibré,Toujours 0,0.9602102880544059,0.01572803428715582,0.0,0.0,0.0,0.0,0.0,0.0,0.5,0.0,30175,0,1244,0
sous-échantillonné,Decision Tree,0.8297252815999862,0.1114508655307086,0.2323897280340868,0.1482684210034712,0.853064941436862,0.06936753276688742,0.34304454473911344,0.19472619930410545,0.8413972214640447,0.062194567589268696,24829,5346,177,1067
sous-échantillonné,KNN,0.9184877533876215,0.04238595973573847,0.34076318835587166,0.15373110357287798,0.8364368372576341,0.07642539135734554,0.46265361952774964,0.14698583472726975,0.8793897297467057,0.026860514061197684,27817,2358,211,1033
sous-échantillonné,Random Forest,0.9287181898737064,0.03806115236266169,0.3712727429140024,0.1487689532131807,0.8660350193253471,0.0844179027897198,0.5020133916198164,0.15924592434347587,0.8988576388079211,0.044604817281403246,28065,2110,167,1077
sous-échantillonné,SVM,0.9354379444996115,0.03858757343717147,0.4090950668620906,0.17963808579009324,0.8537488645748,0.07278264038724566,0.5304954035044452,0.1664070687125506,0.8964003855890885,0.03313500561762079,28329,1846,184,1060
sous-échantillonné,Toujours 0,0.9602102880544059,0.01572803428715582,0.0,0.0,0.0,0.0,0.0,0.0,0.5,0.0,30175,0,1244,0
