training,model,accuracy,precision,recall,f1,balanced_accuracy,tn,fp,fn,tp,seconds
sous-échantillonné,Toujours 0,0.9603755569700827,0.0,0.0,0.0,0.5,6035,0,249,0,0.020897153000078106
sous-échantillonné,Decision Tree,0.870942075111394,0.22123015873015872,0.8955823293172691,0.35481304693715193,0.8827538821399933,5250,785,26,223,1.0213918469999044
sous-échantillonné,Random Forest,0.9497135582431572,0.4364326375711575,0.9236947791164659,0.5927835051546392,0.9372409272550017,5738,297,19,230,0.37243927000008625
sous-échantillonné,KNN,0.9473265436028008,0.42023346303501946,0.8674698795180723,0.5661861074705111,0.90904562741438,5737,298,33,216,0.19008302099973662
sous-échantillonné,SVM,0.9543284532145131,0.46008403361344535,0.8795180722891566,0.6041379310344828,0.918466575498348,5778,257,30,219,0.8833954459996676
non équilibré,Toujours 0,0.9603755569700827,0.0,0.0,0.0,0.5,6035,0,249,0,0.0245099769999797
non équilibré,Decision Tree,0.9735837046467218,0.6707818930041153,0.6546184738955824,0.6626016260162602,0.8206812336337895,5955,80,86,163,23.034584442000323
non équilibré,Random Forest,0.9850413749204329,0.8708133971291866,0.7309236947791165,0.7947598253275109,0.8632248962710827,6008,27,67,182,5.218303652000031
non équilibré,KNN,0.982017823042648,0.8434343434343434,0.6706827309236948,0.7472035794183445,0.8327730141776717,6004,31,82,167,1.2399412810000285
non équilibré,SVM,0.9832908975175048,0.8673469387755102,0.6827309236947792,0.7640449438202247,0.8392113607703391,6009,26,79,170,10.197405750000144
