recording,total_windows,class_0,class_1,class_0_percent,class_1_percent,seizures_total,seizures_with_positive_window,seizures_without_positive_window
190304A_E,1574,1566,8,99.49174078780177,0.5082592121982211,1,1,0
191113A_D,1809,1789,20,98.89441680486456,1.105583195135434,2,2,0
210204B_C,1226,1199,27,97.79771615008157,2.202283849918434,6,6,0
210208B_G,1199,1152,47,96.08006672226855,3.919933277731443,4,4,0
210406A_F,1453,1444,9,99.3805918788713,0.6194081211286993,1,1,0
210427B_C,1245,1226,19,98.47389558232932,1.5261044176706828,1,1,0
210504B_C,3120,2974,146,95.32051282051282,4.67948717948718,12,12,0
210914B_A,1204,1017,187,84.46843853820597,15.53156146179402,11,11,0
210928B_B,1343,1286,57,95.75577066269545,4.244229337304542,2,2,0
211027B_C,1254,1123,131,89.55342902711324,10.446570972886763,8,8,0
211104B_D,1209,1164,45,96.27791563275434,3.7220843672456576,5,5,0
220106A_A,1220,1181,39,96.80327868852459,3.19672131147541,2,2,0
220121B_D,1291,1238,53,95.89465530596436,4.105344694035631,3,3,0
230102B_F,1224,1080,144,88.23529411764706,11.764705882352942,9,9,0
230105B_H,3599,3554,45,98.74965268130036,1.2503473186996388,7,7,0
230210B_D,1172,1149,23,98.03754266211604,1.9624573378839592,1,1,0
230224B_B,1427,1378,49,96.56622284512964,3.4337771548703575,3,3,0
230406B_A,1224,1176,48,96.07843137254902,3.9215686274509802,4,4,0
230515B_G,1206,1170,36,97.01492537313433,2.985074626865672,2,2,0
230519A_E,1215,1178,37,96.95473251028807,3.045267489711934,2,2,0
230718A_A,1205,1131,74,93.85892116182572,6.141078838174274,7,7,0
OVERALL,31419,30175,1244,96.04061236831217,3.9593876316878323,93,93,0
